RMS,Spectrogram,Name,Sample Size,Calibration,Start Time,End Time,Duration (secs),RMS dB,Max RMS dB,Min RMS dB,99% dB,95% dB,90% dB,50% dB,10% dB,5% dB,1% dB,Peak dB,SEL dB,Weighting
X,X,Bocas del Toro-AlmiranteSOUNDTRAP 2019,0.10 secs,almirante2019cal.cal,0:05,0:06,54.3,114.3,141.3,97.9,105.8,103.5,102.9,101,99.5,99.1,98.6,146.6,131.7,Unweighted
X,X,Bocas del Toro-AlmiranteSOUNDTRAP 2019,0.10 secs,almirante2019cal.cal,0:15,0:16,54.3,114.3,141.3,97.6,106.5,103.2,102.6,100.8,99.4,98.9,98.4,146.6,131.7,Unweighted
X,X,Bocas del Toro-AlmiranteSOUNDTRAP 2019,0.10 secs,almirante2019cal.cal,0:25,0:26,54.4,139.6,166.7,97.7,112.8,103.4,102.8,101.4,99.9,99.7,99.2,173.5,157,Unweighted
X,X,Bocas del Toro-AlmiranteSOUNDTRAP 2019,0.10 secs,almirante2019cal.cal,0:35,0:36,50.2,102.1,107.9,99.2,104.7,103.8,103.2,101.9,100.8,100.5,100,133.7,119.1,Unweighted
X,X,Bocas del Toro-AlmiranteSOUNDTRAP 2019,0.10 secs,almirante2019cal.cal,0:45,0:46,53.1,101.2,106.4,97.2,105.5,103.2,102.6,100.9,99.4,99.1,98.4,132.5,118.5,Unweighted
X,X,Bocas del Toro-AlmiranteSOUNDTRAP 2019,0.10 secs,almirante2019cal.cal,0:55,0:56,52.3,102,113.3,97.9,111.5,103.8,102.8,101,99.6,99.2,98.8,132.7,119.2,Unweighted
X,X,Bocas del Toro-AlmiranteSOUNDTRAP 2019,0.10 secs,almirante2019cal.cal,1:15,1:16,53.5,101.2,112.6,97.9,104.1,103,102.5,100.8,99.5,99.1,98.5,135,118.4,Unweighted
X,X,Bocas del Toro-AlmiranteSOUNDTRAP 2019,0.10 secs,almirante2019cal.cal,1:25,1:26,53.1,101.3,104.7,97.9,104.3,103.1,102.7,101.1,99.7,99.4,98.6,132.5,118.5,Unweighted
X,X,Bocas del Toro-AlmiranteSOUNDTRAP 2019,0.10 secs,almirante2019cal.cal,1:35,1:36,53.4,103.6,126.9,98.2,104.6,103.1,102.6,101.1,99.7,99.4,98.6,133.2,120.9,Unweighted
X,X,Bocas del Toro-AlmiranteSOUNDTRAP 2019,0.10 secs,almirante2019cal.cal,1:45,1:46,53.8,101.5,112.7,98.3,104.1,103.2,102.8,101.2,99.9,99.6,99.2,131.1,118.9,Unweighted
X,X,Bocas del Toro-AlmiranteSOUNDTRAP 2019,0.10 secs,almirante2019cal.cal,1:55,1:56,40.4,115.6,141.3,97.3,113.3,104.4,103,101.1,99.7,99.4,98.5,146.7,131.6,Unweighted
X,X,Bocas del Toro-AlmiranteSOUNDTRAP 2019,0.10 secs,almirante2019cal.cal,2:05,2:06,53.5,102.2,114.1,97.9,111.4,103.6,103.1,101.2,99.8,99.5,98.7,133.8,119.5,Unweighted
X,X,Bocas del Toro-AlmiranteSOUNDTRAP 2019,0.10 secs,almirante2019cal.cal,2:15,2:16,52.8,101.5,106.9,97.9,105.3,103.7,103,101.2,99.7,99.3,98.4,132.7,118.7,Unweighted
X,X,Bocas del Toro-AlmiranteSOUNDTRAP 2019,0.10 secs,almirante2019cal.cal,2:25,2:26,53.5,100.8,108.3,97.4,104,102.6,102.1,100.5,99.1,98.7,98.1,132.9,118.1,Unweighted
X,X,Bocas del Toro-AlmiranteSOUNDTRAP 2019,0.10 secs,almirante2019cal.cal,2:35,2:36,53.7,102.4,107.3,100.1,105.1,104,103.5,102.2,101.2,100.9,100.4,132.7,119.7,Unweighted
X,X,Bocas del Toro-AlmiranteSOUNDTRAP 2019,0.10 secs,almirante2019cal.cal,2:45,2:46,52.4,101.8,107.5,99.1,104.9,103.4,103,101.6,100.3,100,99.4,131,119,Unweighted
X,X,Bocas del Toro-AlmiranteSOUNDTRAP 2019,0.10 secs,almirante2019cal.cal,2:55,2:56,52.8,101,108,97.1,105.1,103.3,102.6,100.7,99.2,98.8,98.2,134.7,118.3,Unweighted
X,X,Bocas del Toro-AlmiranteSOUNDTRAP 2019,0.10 secs,almirante2019cal.cal,3:05,3:06,52.9,100.6,104.7,96.3,103.5,102.5,101.9,100.4,99,98.5,97.6,133,117.8,Unweighted
X,X,Bocas del Toro-AlmiranteSOUNDTRAP 2019,0.10 secs,almirante2019cal.cal,3:15,3:16,53,101.2,104.8,97,104.2,103.3,102.8,100.9,99.3,98.9,98.1,132.1,118.4,Unweighted
X,X,Bocas del Toro-AlmiranteSOUNDTRAP 2019,0.10 secs,almirante2019cal.cal,3:25,3:26,52.7,101,105.8,97,104.2,103.1,102.4,100.7,99.3,98.8,98.4,136.5,118.2,Unweighted
X,X,Bocas del Toro-AlmiranteSOUNDTRAP 2019,0.10 secs,almirante2019cal.cal,3:35,3:36,52.8,100.8,105.2,97.2,103.9,102.9,102.4,100.6,98.9,98.5,98,132.7,118,Unweighted
X,X,Bocas del Toro-AlmiranteSOUNDTRAP 2019,0.10 secs,almirante2019cal.cal,3:45,3:46,53,101.8,108.8,99.1,105,103.7,102.9,101.5,100.5,100.3,99.7,132.9,119.1,Unweighted
X,X,Bocas del Toro-AlmiranteSOUNDTRAP 2019,0.10 secs,almirante2019cal.cal,3:55,3:56,53.3,102.6,108.4,100.4,105.3,104.2,103.7,102.4,101.4,101.2,100.8,140.3,119.9,Unweighted
X,X,Bocas del Toro-AlmiranteSOUNDTRAP 2019,0.10 secs,almirante2019cal.cal,4:05,4:06,52.1,102.4,108.6,98.6,105.5,104.1,103.5,102.2,100.8,100.3,99.5,137.3,119.6,Unweighted
X,X,Bocas del Toro-AlmiranteSOUNDTRAP 2019,0.10 secs,almirante2019cal.cal,4:15,4:16,52.8,100.8,107,97.6,103.8,103,102.4,100.5,98.9,98.7,98.1,134.9,118,Unweighted
X,X,Bocas del Toro-AlmiranteSOUNDTRAP 2019,0.10 secs,almirante2019cal.cal,4:25,4:26,52.9,100.8,112,96.5,104,102.7,102.2,100.3,98.8,98.4,97.6,142.9,118,Unweighted
X,X,Bocas del Toro-AlmiranteSOUNDTRAP 2019,0.10 secs,almirante2019cal.cal,4:35,4:36,53.5,103.9,113.5,101.6,106.6,105.5,105.1,103.6,102.6,102.3,101.9,133.3,121.2,Unweighted
X,X,Bocas del Toro-AlmiranteSOUNDTRAP 2019,0.10 secs,almirante2019cal.cal,4:45,4:46,52.9,100.7,109.7,97.8,104.3,102.8,102.2,100.4,99.1,98.8,98.4,133.2,118,Unweighted
X,X,Bocas del Toro-AlmiranteSOUNDTRAP 2019,0.10 secs,almirante2019cal.cal,4:55,4:56,52.8,101.6,106.8,99.2,105,103.5,103,101.2,100.1,99.8,99.4,137.5,118.8,Unweighted
X,X,Bocas del Toro-AlmiranteSOUNDTRAP 2019,0.10 secs,almirante2019cal.cal,5:05,5:06,53,100.7,105.4,97.3,104.5,103.1,102.4,100.4,98.9,98.3,97.5,135.5,118,Unweighted
X,X,Bocas del Toro-AlmiranteSOUNDTRAP 2019,0.10 secs,almirante2019cal.cal,5:15,5:16,53.1,100.5,106.3,97.1,104.2,102.7,102,100.2,98.7,98.3,98,134.9,117.8,Unweighted
X,X,Bocas del Toro-AlmiranteSOUNDTRAP 2019,0.10 secs,almirante2019cal.cal,5:25,5:26,52.8,100.6,111.9,97,104.7,102.4,101.8,100,98.6,98.3,97.6,142.5,117.8,Unweighted
X,X,Bocas del Toro-AlmiranteSOUNDTRAP 2019,0.10 secs,almirante2019cal.cal,5:35,5:36,53,101.2,115.4,97.6,105.2,102.5,102,100.5,99.2,98.8,98.2,135,118.4,Unweighted
X,X,Bocas del Toro-AlmiranteSOUNDTRAP 2019,0.10 secs,almirante2019cal.cal,5:45,5:46,52.9,101.5,110.8,98,106.5,103.6,102.5,101.1,99.8,99.4,98.8,142.7,118.7,Unweighted
X,X,Bocas del Toro-AlmiranteSOUNDTRAP 2019,0.10 secs,almirante2019cal.cal,5:55,5:56,52.6,101.5,106.7,98.9,104.9,103.6,103,101.2,100.1,99.7,99.3,132.2,118.7,Unweighted
X,X,Bocas del Toro-AlmiranteSOUNDTRAP 2019,0.10 secs,almirante2019cal.cal,6:05,6:06,53.1,104.3,108.2,100.5,107.7,107.1,106.7,103.7,101.9,101.5,100.9,133.3,121.6,Unweighted
X,X,Bocas del Toro-AlmiranteSOUNDTRAP 2019,0.10 secs,almirante2019cal.cal,6:15,6:16,52.7,115.6,122.8,103,122.2,121.5,120.7,109.2,104,103.7,103.3,146.8,132.8,Unweighted
X,X,Bocas del Toro-AlmiranteSOUNDTRAP 2019,0.10 secs,almirante2019cal.cal,6:25,6:26,52.2,111.3,132,99.4,124.5,112.6,110.9,105.2,102.3,101.7,100.8,142.4,128.5,Unweighted
X,X,Bocas del Toro-AlmiranteSOUNDTRAP 2019,0.10 secs,almirante2019cal.cal,6:35,6:36,52.5,105.9,109.2,103.2,108.8,107.8,107.2,105.6,104.5,104,103.6,132.2,123.1,Unweighted
X,X,Bocas del Toro-AlmiranteSOUNDTRAP 2019,0.10 secs,almirante2019cal.cal,6:45,6:46,52.6,119.1,125,105.8,124.1,123.7,123.1,117.2,106.9,106.6,106.1,140.8,136.3,Unweighted
X,X,Bocas del Toro-AlmiranteSOUNDTRAP 2019,0.10 secs,almirante2019cal.cal,6:55,6:56,52.5,109.2,114.9,100.1,114.6,113.9,113.7,105.3,101.9,101.4,100.9,134.5,126.5,Unweighted
X,X,Bocas del Toro-AlmiranteSOUNDTRAP 2019,0.10 secs,almirante2019cal.cal,7:05,7:06,53,100.8,105.7,97.2,104.4,102.8,102.2,100.6,99,98.7,98,134.5,118.1,Unweighted
X,X,Bocas del Toro-AlmiranteSOUNDTRAP 2019,0.10 secs,almirante2019cal.cal,7:15,7:16,53.6,103.2,106.5,100.1,105.8,104.9,104.4,103.1,101.6,101.2,100.6,134.9,120.5,Unweighted
X,X,Bocas del Toro-AlmiranteSOUNDTRAP 2019,0.10 secs,almirante2019cal.cal,7:25,7:26,53.9,109,117,96.9,113.3,112.2,111.7,109.7,99.8,99,98.2,136.5,126.4,Unweighted
X,X,Bocas del Toro-AlmiranteSOUNDTRAP 2019,0.10 secs,almirante2019cal.cal,7:35,7:36,53.3,102,105.7,99.4,104.8,103.6,103.1,101.8,100.8,100.5,99.9,132.1,119.3,Unweighted
X,X,Bocas del Toro-AlmiranteSOUNDTRAP 2019,0.10 secs,almirante2019cal.cal,7:45,7:46,53.1,119.5,124.2,114.7,123.4,122.9,122.3,118.8,116.2,115.7,115.1,146.2,136.8,Unweighted
X,X,Bocas del Toro-AlmiranteSOUNDTRAP 2019,0.10 secs,almirante2019cal.cal,7:55,7:56,47.5,100.8,105.5,96.9,104.3,103.1,102.3,100.5,99.1,98.8,98.2,136,117.6,Unweighted
X,X,Bocas del Toro-AlmiranteSOUNDTRAP 2019,0.10 secs,almirante2019cal.cal,8:05,8:06,53.3,101.2,106.6,98.2,104.6,103.3,102.5,101,99.6,99.3,98.8,134.4,118.5,Unweighted
X,X,Bocas del Toro-AlmiranteSOUNDTRAP 2019,0.10 secs,almirante2019cal.cal,8:15,8:16,53.2,111.3,117.9,99.9,117.5,116.6,116.1,106.4,102.4,101.9,101,134.5,128.6,Unweighted
X,X,Bocas del Toro-AlmiranteSOUNDTRAP 2019,0.10 secs,almirante2019cal.cal,8:25,8:26,52.4,101.5,105.4,98.3,104.5,103.3,102.8,101.3,100,99.8,99.1,132.2,118.7,Unweighted
X,X,Bocas del Toro-AlmiranteSOUNDTRAP 2019,0.10 secs,almirante2019cal.cal,8:35,8:36,53.4,113.3,114.7,111.8,114.6,114.4,114.3,113.2,112.2,112.1,111.9,130,130.6,Unweighted
X,X,Bocas del Toro-AlmiranteSOUNDTRAP 2019,0.10 secs,almirante2019cal.cal,8:45,8:46,51.8,112.6,116.7,105.5,116.3,115.8,115.6,111,106.1,106,105.7,132.6,129.8,Unweighted
X,X,Bocas del Toro-AlmiranteSOUNDTRAP 2019,0.10 secs,almirante2019cal.cal,8:55,8:56,52,103.1,117.7,100.5,105.9,104.4,104.1,102.7,101.5,101.3,100.8,131.5,120.3,Unweighted
X,X,Bocas del Toro-AlmiranteSOUNDTRAP 2019,0.10 secs,almirante2019cal.cal,9:05,9:06,52.5,101.3,116.4,98.1,104.4,102.7,102.2,100.8,99.6,99.2,98.6,134.7,118.5,Unweighted
X,X,Bocas del Toro-AlmiranteSOUNDTRAP 2019,0.10 secs,almirante2019cal.cal,9:15,9:16,52.2,105.4,109.4,101.2,109.2,108.6,108.1,104.6,102.5,102.3,101.7,131.9,122.6,Unweighted
X,X,Bocas del Toro-AlmiranteSOUNDTRAP 2019,0.10 secs,almirante2019cal.cal,9:25,9:26,53.8,110.6,115,106,114.4,113.4,112.7,110.7,106.8,106.5,106.1,132.5,127.9,Unweighted
X,X,Bocas del Toro-AlmiranteSOUNDTRAP 2019,0.10 secs,almirante2019cal.cal,9:35,9:36,52,101.2,107.1,98,104.9,103,102.4,101,99.8,99.6,99.2,136.7,118.4,Unweighted
X,X,Bocas del Toro-AlmiranteSOUNDTRAP 2019,0.10 secs,almirante2019cal.cal,9:45,9:46,53,118.1,123.2,103.9,123,122.4,121.9,116.5,105.5,104.9,104.3,138.5,135.3,Unweighted
X,X,Bocas del Toro-AlmiranteSOUNDTRAP 2019,0.10 secs,almirante2019cal.cal,9:55,9:56,52.9,100.3,106.2,96.7,103.7,102.1,101.7,100,98.5,98.2,97.5,135.1,117.6,Unweighted
X,X,Bocas del Toro-AlmiranteSOUNDTRAP 2019,0.10 secs,almirante2019cal.cal,10:05,10:06,52.7,102.9,106.4,99.8,105.1,104.5,104.2,102.7,101.2,100.9,100.2,132.2,120.1,Unweighted
X,X,Bocas del Toro-AlmiranteSOUNDTRAP 2019,0.10 secs,almirante2019cal.cal,10:15,10:16,52.5,115.9,119.5,107.4,119.3,118.7,118.4,115.9,109.1,108.6,107.7,141.9,133.1,Unweighted
X,X,Bocas del Toro-AlmiranteSOUNDTRAP 2019,0.10 secs,almirante2019cal.cal,10:25,10:26,53.3,101.4,105.6,98.9,104.2,103.1,102.6,101.2,100.1,99.8,99.4,133.4,118.7,Unweighted
X,X,Bocas del Toro-AlmiranteSOUNDTRAP 2019,0.10 secs,almirante2019cal.cal,10:35,10:36,52.9,101.1,105.3,97.9,104.6,103,102.5,100.9,99.4,99,98.2,133.6,118.3,Unweighted
X,X,Bocas del Toro-AlmiranteSOUNDTRAP 2019,0.10 secs,almirante2019cal.cal,10:45,10:46,52.8,101.5,105.5,99,104.3,103.1,102.7,101.3,100.1,99.8,99.3,131.6,118.7,Unweighted
X,X,Bocas del Toro-AlmiranteSOUNDTRAP 2019,0.10 secs,almirante2019cal.cal,10:55,10:56,52.7,103.3,108.4,101.7,105.1,104.5,104.1,103.1,102.4,102.2,101.9,135.4,120.5,Unweighted
X,X,Bocas del Toro-AlmiranteSOUNDTRAP 2019,0.10 secs,almirante2019cal.cal,11:05,11:06,53.1,102.5,105.3,99.9,104.8,103.9,103.6,102.4,101.3,101.1,100.4,133.4,119.7,Unweighted
X,X,Bocas del Toro-AlmiranteSOUNDTRAP 2019,0.10 secs,almirante2019cal.cal,11:15,11:16,51.2,111.4,117.4,106,116.9,115.3,114.8,109.7,106.6,106.5,106.2,132.3,128.5,Unweighted
X,X,Bocas del Toro-AlmiranteSOUNDTRAP 2019,0.10 secs,almirante2019cal.cal,11:25,11:26,52.8,113.7,118.5,103.2,118.2,117.7,117.2,111.8,105.4,105,103.9,133.3,131,Unweighted
X,X,Bocas del Toro-AlmiranteSOUNDTRAP 2019,0.10 secs,almirante2019cal.cal,11:35,11:36,53,100.3,104.7,96.9,103.9,102.4,101.8,100.1,98.4,98.2,97.6,132.8,117.6,Unweighted
X,X,Bocas del Toro-AlmiranteSOUNDTRAP 2019,0.10 secs,almirante2019cal.cal,11:45,11:46,53.1,103,113.1,97.6,111.5,108.9,106.2,100.7,99.2,98.9,98.5,131.4,120.3,Unweighted
X,X,Bocas del Toro-AlmiranteSOUNDTRAP 2019,0.10 secs,almirante2019cal.cal,11:55,11:56,53.4,103.5,112.3,98.5,110.8,109,107,101.3,99.8,99.5,99.1,136.8,120.8,Unweighted
X,X,Bocas del Toro-AlmiranteSOUNDTRAP 2019,0.10 secs,almirante2019cal.cal,12:05,12:06,52.4,100.7,104.2,97.8,103.4,102.6,102.1,100.5,99.3,99,98.5,132.2,117.9,Unweighted
X,X,Bocas del Toro-AlmiranteSOUNDTRAP 2019,0.10 secs,almirante2019cal.cal,12:15,12:16,52.4,101.7,104.8,98.1,104.2,103.5,103,101.4,99.9,99.6,98.7,131.5,118.8,Unweighted
X,X,Bocas del Toro-AlmiranteSOUNDTRAP 2019,0.10 secs,almirante2019cal.cal,12:25,12:26,53.3,121.3,125.1,113.4,124.7,124.2,123.8,121.1,116.4,115.5,114.2,146.6,138.6,Unweighted
X,X,Bocas del Toro-AlmiranteSOUNDTRAP 2019,0.10 secs,almirante2019cal.cal,12:35,12:36,53.6,100.4,104.5,97.6,103.6,102.3,101.9,100.1,98.7,98.3,97.8,131.1,117.7,Unweighted
X,X,Bocas del Toro-AlmiranteSOUNDTRAP 2019,0.10 secs,almirante2019cal.cal,12:45,12:46,53.2,108.3,118.3,101,116.9,113.7,112.5,103.9,102.5,102.2,101.8,132.6,125.5,Unweighted
X,X,Bocas del Toro-AlmiranteSOUNDTRAP 2019,0.10 secs,almirante2019cal.cal,12:55,12:56,52.8,102.5,120.5,98.7,105,103.3,102.9,101.4,100.3,100.1,99.6,134,119.7,Unweighted
X,X,Bocas del Toro-AlmiranteSOUNDTRAP 2019,0.10 secs,almirante2019cal.cal,13:05,13:06,53.5,101.9,113.1,99.3,105.5,103.4,102.7,101.5,100.6,100.4,99.8,138,119.2,Unweighted
X,X,Bocas del Toro-AlmiranteSOUNDTRAP 2019,0.10 secs,almirante2019cal.cal,13:15,13:16,53.6,107.6,112.5,103.6,112.2,111.5,110.4,106.5,104.6,104.4,104.1,134.7,124.8,Unweighted
X,X,Bocas del Toro-AlmiranteSOUNDTRAP 2019,0.10 secs,almirante2019cal.cal,13:25,13:26,53,103.1,120.8,98.7,112.2,103.8,103,101,99.9,99.6,99.1,151.4,120.4,Unweighted
X,X,Bocas del Toro-AlmiranteSOUNDTRAP 2019,0.10 secs,almirante2019cal.cal,13:35,13:36,53.3,104.5,126.9,98.3,114,104.4,103.3,101.2,99.9,99.5,99,148.3,121.8,Unweighted
X,X,Bocas del Toro-AlmiranteSOUNDTRAP 2019,0.10 secs,almirante2019cal.cal,13:45,13:46,53.8,101.9,105.4,98.1,104.5,103.5,103.1,101.7,100.3,100,99.4,132,119.2,Unweighted
X,X,Bocas del Toro-AlmiranteSOUNDTRAP 2019,0.10 secs,almirante2019cal.cal,13:55,13:56,53.3,101,112.7,97.9,104.4,102.8,102.1,100.5,99.3,99,98.4,136.7,118.3,Unweighted
X,X,Bocas del Toro-AlmiranteSOUNDTRAP 2019,0.10 secs,almirante2019cal.cal,14:05,14:06,53,100.3,105.9,96.8,103.8,102.2,101.7,100,98.7,98.3,97.9,131.8,117.5,Unweighted
X,X,Bocas del Toro-AlmiranteSOUNDTRAP 2019,0.10 secs,almirante2019cal.cal,14:15,14:16,53.8,100.7,105.4,97.4,104.6,102.8,102.1,100.3,99,98.7,98.1,132.2,118,Unweighted
X,X,Bocas del Toro-AlmiranteSOUNDTRAP 2019,0.10 secs,almirante2019cal.cal,14:25,14:26,52.4,101.5,116.8,97,110.4,104.4,102.9,100.1,98.6,98.2,97.6,132,118.7,Unweighted
X,X,Bocas del Toro-AlmiranteSOUNDTRAP 2019,0.10 secs,almirante2019cal.cal,14:35,14:36,53.3,100.1,106.6,96.7,103.7,102.4,101.6,99.7,98.3,97.9,97.4,133.3,117.4,Unweighted
X,X,Bocas del Toro-AlmiranteSOUNDTRAP 2019,0.10 secs,almirante2019cal.cal,14:45,14:46,52.6,100,110,95.8,104.6,102.2,101.6,99.5,98,97.6,97,132.7,117.2,Unweighted
X,X,Bocas del Toro-AlmiranteSOUNDTRAP 2019,0.10 secs,almirante2019cal.cal,14:55,14:56,53.5,99.8,104.6,96.9,103.2,102.1,101.5,99.5,98,97.7,97.3,131.3,117.1,Unweighted
X,X,Bocas del Toro-AlmiranteSOUNDTRAP 2019,0.10 secs,almirante2019cal.cal,15:05,15:06,53.3,108.2,112.6,102.6,112.3,111.6,111.3,106.2,104.6,104.2,103.4,134.1,125.4,Unweighted
X,X,Bocas del Toro-AlmiranteSOUNDTRAP 2019,0.10 secs,almirante2019cal.cal,15:15,15:16,52.5,111.5,118.9,104.2,116,114.5,114.1,110.7,107.6,106.8,104.8,132.9,128.7,Unweighted
X,X,Bocas del Toro-AlmiranteSOUNDTRAP 2019,0.10 secs,almirante2019cal.cal,15:25,15:26,52.8,105.7,118,97.6,112.4,109.4,108.2,104.8,100.1,99.4,98.4,133.9,123,Unweighted
X,X,Bocas del Toro-AlmiranteSOUNDTRAP 2019,0.10 secs,almirante2019cal.cal,15:35,15:36,52.7,100.5,105.1,97.7,104.3,102.4,101.9,100.1,98.9,98.6,98.2,133.1,117.7,Unweighted
X,X,Bocas del Toro-AlmiranteSOUNDTRAP 2019,0.10 secs,almirante2019cal.cal,15:45,15:46,52.7,110.2,114.6,103.9,113.5,112.7,112.2,110.5,105.7,105.1,104.4,133.2,127.4,Unweighted
X,X,Bocas del Toro-AlmiranteSOUNDTRAP 2019,0.10 secs,almirante2019cal.cal,15:55,15:56,53,100.1,104.8,96.5,103.9,102.6,101.8,99.6,98.1,97.7,97,133.2,117.3,Unweighted
X,X,Bocas del Toro-AlmiranteSOUNDTRAP 2019,0.10 secs,almirante2019cal.cal,16:05,16:06,52.4,102.8,106.5,98.7,105.8,104.8,104.4,102.7,100.5,100,99.2,132,120,Unweighted
X,X,Bocas del Toro-AlmiranteSOUNDTRAP 2019,0.10 secs,almirante2019cal.cal,16:15,16:16,53.6,99.6,104.2,96.1,103.1,101.8,101.3,99.4,97.6,97.3,96.6,134.5,116.9,Unweighted
X,X,Bocas del Toro-AlmiranteSOUNDTRAP 2019,0.10 secs,almirante2019cal.cal,16:25,16:26,53.2,99.7,105.8,95.9,103,102,101.4,99.3,97.8,97.5,96.6,131.4,117,Unweighted
X,X,Bocas del Toro-AlmiranteSOUNDTRAP 2019,0.10 secs,almirante2019cal.cal,16:35,16:36,53.8,102.8,126.9,96.1,104.3,102,101.5,99.5,97.9,97.6,96.6,134.7,120.1,Unweighted
X,X,Bocas del Toro-AlmiranteSOUNDTRAP 2019,0.10 secs,almirante2019cal.cal,16:45,16:46,52.8,111.3,115.8,104.3,115,114.5,114,110.9,105.8,105.5,105.1,132.6,128.5,Unweighted
X,X,Bocas del Toro-AlmiranteSOUNDTRAP 2019,0.10 secs,almirante2019cal.cal,16:55,16:56,54.2,114.3,141.3,96.7,104.7,102.3,101.7,99.6,98.2,97.8,97.1,146.6,131.6,Unweighted
X,X,Bocas del Toro-AlmiranteSOUNDTRAP 2019,0.10 secs,almirante2019cal.cal,17:05,17:06,52.3,104.7,108.3,100.3,107.8,107.1,106.9,104.3,101.8,101.4,100.9,131.8,121.9,Unweighted
X,X,Bocas del Toro-AlmiranteSOUNDTRAP 2019,0.10 secs,almirante2019cal.cal,17:15,17:16,53.8,113.1,119.6,97.6,119.1,117.9,117.4,109.5,99,98.6,98,134.6,130.4,Unweighted
X,X,Bocas del Toro-AlmiranteSOUNDTRAP 2019,0.10 secs,almirante2019cal.cal,17:25,17:26,52.8,101,107,97.6,104.9,102.8,102.2,100.8,99.5,99.1,98.4,131.2,118.3,Unweighted
X,X,Bocas del Toro-AlmiranteSOUNDTRAP 2019,0.10 secs,almirante2019cal.cal,17:35,17:36,53.7,99.7,104.9,95.8,103.2,102.1,101.5,99.5,97.5,97,96.1,134,117,Unweighted
X,X,Bocas del Toro-AlmiranteSOUNDTRAP 2019,0.10 secs,almirante2019cal.cal,17:45,17:46,52.5,103.9,114.5,96.2,114.4,112.4,103.7,100.6,98.9,98.5,97.7,135.4,121.1,Unweighted
X,X,Bocas del Toro-AlmiranteSOUNDTRAP 2019,0.10 secs,almirante2019cal.cal,17:55,17:56,53.5,100.2,112.7,96.8,104.3,102.3,101.7,99.6,98.1,97.7,97.1,133.5,117.5,Unweighted
X,X,Bocas del Toro-AlmiranteSOUNDTRAP 2019,0.10 secs,almirante2019cal.cal,18:05,18:06,53.4,100.5,104.6,97.3,103.8,102.5,102,100.3,98.9,98.5,97.8,133.6,117.8,Unweighted
X,X,Bocas del Toro-AlmiranteSOUNDTRAP 2019,0.10 secs,almirante2019cal.cal,18:15,18:16,52.7,100.7,117.6,96.9,103.4,102.3,101.8,100.1,98.5,98.1,97.4,131.9,118,Unweighted
X,X,Bocas del Toro-AlmiranteSOUNDTRAP 2019,0.10 secs,almirante2019cal.cal,18:25,18:26,52.9,100.7,106.1,97.2,104.2,102.7,102.1,100.3,98.8,98.4,97.7,135.7,117.9,Unweighted
X,X,Bocas del Toro-AlmiranteSOUNDTRAP 2019,0.10 secs,almirante2019cal.cal,18:35,18:36,52.5,102.3,105.6,99,104.9,104,103.6,102.2,100.7,100.3,99.7,131.5,119.5,Unweighted
X,X,Bocas del Toro-AlmiranteSOUNDTRAP 2019,0.10 secs,almirante2019cal.cal,18:45,18:46,53,103.7,116.8,100.3,107.8,105.3,104.7,103.4,101.8,101.4,100.9,134.8,120.9,Unweighted
X,X,Bocas del Toro-AlmiranteSOUNDTRAP 2019,0.10 secs,almirante2019cal.cal,18:55,18:56,52.7,101.8,105.1,97.7,104.6,103.7,103.2,101.6,100.2,99.9,99.2,132.8,119,Unweighted
X,X,Bocas del Toro-AlmiranteSOUNDTRAP 2019,0.10 secs,almirante2019cal.cal,19:05,19:06,52.9,102.7,108.3,99.8,105.5,104.3,103.9,102.4,101.3,101,100.2,135.9,119.9,Unweighted
X,X,Bocas del Toro-AlmiranteSOUNDTRAP 2019,0.10 secs,almirante2019cal.cal,19:15,19:16,54.5,102.5,106.1,99.9,105.3,104.3,103.8,102.3,100.9,100.6,100.1,135,119.9,Unweighted
X,X,Bocas del Toro-AlmiranteSOUNDTRAP 2019,0.10 secs,almirante2019cal.cal,19:25,19:26,53.6,102.6,111.1,99,107.7,104.6,103.9,102.1,100.7,100.3,99.6,131,119.9,Unweighted
X,X,Bocas del Toro-AlmiranteSOUNDTRAP 2019,0.10 secs,almirante2019cal.cal,19:35,19:36,53.5,102.7,115.4,99.2,108.4,104,103.7,102.2,100.8,100.5,99.9,142.3,120,Unweighted
X,X,Bocas del Toro-AlmiranteSOUNDTRAP 2019,0.10 secs,almirante2019cal.cal,19:45,19:46,52.7,102.2,117.2,99.1,105.2,103.7,103.3,101.7,100.3,99.9,99.3,132.2,119.4,Unweighted
X,X,Bocas del Toro-AlmiranteSOUNDTRAP 2019,0.10 secs,almirante2019cal.cal,19:55,19:56,53.8,107,126.8,98.1,119.4,111.1,104,101.8,100.4,100.1,99.7,138.8,124.3,Unweighted
X,X,Bocas del Toro-AlmiranteSOUNDTRAP 2019,0.10 secs,almirante2019cal.cal,20:05,20:06,53.4,101.9,106.5,98.9,104.9,103.6,103.2,101.8,100.4,100.2,99.6,136.7,119.2,Unweighted
X,X,Bocas del Toro-AlmiranteSOUNDTRAP 2019,0.10 secs,almirante2019cal.cal,20:15,20:16,53.1,104,126.9,98.4,105.3,103.6,103.2,101.8,100.5,100.2,99.5,133.8,121.2,Unweighted
X,X,Bocas del Toro-AlmiranteSOUNDTRAP 2019,0.10 secs,almirante2019cal.cal,20:25,20:26,52.8,102.2,116,98.7,108.6,103.8,103.2,101.6,100.4,100,99.5,131.7,119.4,Unweighted
X,X,Bocas del Toro-AlmiranteSOUNDTRAP 2019,0.10 secs,almirante2019cal.cal,20:35,20:36,52.3,109.5,116.2,102.1,115.7,114.3,113.3,107,103.9,103.4,102.7,135.9,126.6,Unweighted
X,X,Bocas del Toro-AlmiranteSOUNDTRAP 2019,0.10 secs,almirante2019cal.cal,20:45,20:46,52.6,101.9,104.8,98.7,104.4,103.5,103.1,101.6,100.5,100.1,99.6,132.8,119.1,Unweighted
X,X,Bocas del Toro-AlmiranteSOUNDTRAP 2019,0.10 secs,almirante2019cal.cal,20:55,20:56,52.8,103.1,106.6,99.9,105.5,104.8,104.4,103.1,101.5,101.2,100.3,131.6,120.4,Unweighted
X,X,Bocas del Toro-AlmiranteSOUNDTRAP 2019,0.10 secs,almirante2019cal.cal,21:05,21:06,53.1,101.8,110.7,98.7,104.6,103.4,103,101.5,100.3,100,99.3,136.4,119,Unweighted
X,X,Bocas del Toro-AlmiranteSOUNDTRAP 2019,0.10 secs,almirante2019cal.cal,21:15,21:16,52.7,101.6,104.7,98.3,104.5,103.6,103,101.3,100,99.6,99,132.3,118.8,Unweighted
X,X,Bocas del Toro-AlmiranteSOUNDTRAP 2019,0.10 secs,almirante2019cal.cal,21:25,21:26,52.1,101.8,109.8,98.4,105.2,103.8,103.1,101.4,100,99.7,99.2,132,118.9,Unweighted
X,X,Bocas del Toro-AlmiranteSOUNDTRAP 2019,0.10 secs,almirante2019cal.cal,21:35,21:36,52.8,102,105.6,98,104.9,103.7,103.2,101.8,100.6,100.2,99.3,132.8,119.2,Unweighted
X,X,Bocas del Toro-AlmiranteSOUNDTRAP 2019,0.10 secs,almirante2019cal.cal,21:45,21:46,52.4,110.6,116.4,103.6,114.5,113.5,113.2,110.2,105.4,104.8,104.3,133.9,127.8,Unweighted
X,X,Bocas del Toro-AlmiranteSOUNDTRAP 2019,0.10 secs,almirante2019cal.cal,21:55,21:56,53.5,103.4,111.2,100.2,106.3,104.9,104.5,103.1,102,101.6,100.7,133.8,120.7,Unweighted
X,X,Bocas del Toro-AlmiranteSOUNDTRAP 2019,0.10 secs,almirante2019cal.cal,22:25,22:26,53.3,105,117.7,102.9,106.6,105.8,105.6,104.7,104,103.7,103.3,133,122.2,Unweighted
X,X,Bocas del Toro-AlmiranteSOUNDTRAP 2019,0.10 secs,almirante2019cal.cal,22:35,22:36,54.2,114.6,141.3,103.1,107.4,106.1,105.8,104.8,104,103.9,103.3,146.7,131.9,Unweighted
X,X,Bocas del Toro-AlmiranteSOUNDTRAP 2019,0.10 secs,almirante2019cal.cal,22:45,22:46,52.6,105,107.5,103.3,106.8,106,105.8,104.9,104.2,104,103.6,134.3,122.2,Unweighted
X,X,Bocas del Toro-AlmiranteSOUNDTRAP 2019,0.10 secs,almirante2019cal.cal,22:55,22:56,53.4,105.2,111.7,103.3,108.4,106.4,106,105,104.2,104.1,103.6,137.7,122.5,Unweighted
X,X,Bocas del Toro-AlmiranteSOUNDTRAP 2019,0.10 secs,almirante2019cal.cal,23:05,23:06,53.4,105.9,107.1,104.7,107,106.6,106.4,105.8,105.3,105.1,104.9,132.3,123.1,Unweighted
X,X,Bocas del Toro-AlmiranteSOUNDTRAP 2019,0.10 secs,almirante2019cal.cal,23:15,23:16,53.3,105.4,108.2,102.9,107.3,106.6,106.4,105.4,104,103.7,103.3,134.4,122.7,Unweighted
X,X,Bocas del Toro-AlmiranteSOUNDTRAP 2019,0.10 secs,almirante2019cal.cal,23:25,23:26,53.1,105.5,112.1,103.3,107.7,106.6,106.4,105.3,104.5,104.2,103.8,133.5,122.8,Unweighted
X,X,Bocas del Toro-AlmiranteSOUNDTRAP 2019,0.10 secs,almirante2019cal.cal,23:35,23:36,52.3,112.7,122.8,108.6,115.3,115.1,115,112,109.2,109,108.7,141.7,129.9,Unweighted
X,X,Bocas del Toro-AlmiranteSOUNDTRAP 2019,0.10 secs,almirante2019cal.cal,23:45,23:46,53.4,104.9,112.9,102.9,107,105.8,105.6,104.7,104.1,103.9,103.4,133.4,122.1,Unweighted
X,X,Bocas del Toro-AlmiranteSOUNDTRAP 2019,0.10 secs,almirante2019cal.cal,23:55,23:56,52.8,112.8,126.9,109.2,113.6,113.5,113.4,112.7,110.8,110,109.6,134.3,130,Unweighted
X,X,Bocas del Toro-AlmiranteSOUNDTRAP 2019,0.10 secs,almirante2019cal.cal,0:05,0:06,53.1,118.4,123.6,116.7,119.2,119.1,119,118.5,117.5,117.3,116.9,140.1,135.6,Unweighted
X,X,Bocas del Toro-AlmiranteSOUNDTRAP 2019,0.10 secs,almirante2019cal.cal,0:15,0:16,53.1,102.3,107.3,99.9,105.2,104,103.5,102.1,100.9,100.6,100.1,137.2,119.5,Unweighted
X,X,Bocas del Toro-AlmiranteSOUNDTRAP 2019,0.10 secs,almirante2019cal.cal,0:25,0:26,54,104.2,126.8,99.3,107.8,104.3,103.5,102,100.6,100.5,99.8,134.4,121.5,Unweighted
X,X,Bocas del Toro-AlmiranteSOUNDTRAP 2019,0.10 secs,almirante2019cal.cal,0:35,0:36,52.6,101.4,106.4,98.4,104.5,103.4,102.6,101.2,99.7,99.3,98.7,133.2,118.6,Unweighted
X,X,Bocas del Toro-AlmiranteSOUNDTRAP 2019,0.10 secs,almirante2019cal.cal,0:45,0:46,53.5,101.6,108.5,98.8,104.9,103.7,103,101.3,100.1,99.7,99.2,132.2,118.9,Unweighted
X,X,Bocas del Toro-AlmiranteSOUNDTRAP 2019,0.10 secs,almirante2019cal.cal,0:55,0:56,52.9,102.7,123.6,98.3,106.9,103.1,102.6,101.1,99.7,99.4,98.8,133.7,119.9,Unweighted
X,X,Bocas del Toro-AlmiranteSOUNDTRAP 2019,0.10 secs,almirante2019cal.cal,1:05,1:06,53.5,101.2,106.5,97.9,104.1,102.9,102.5,101,99.7,99.5,98.9,135.1,118.5,Unweighted
X,X,Bocas del Toro-AlmiranteSOUNDTRAP 2019,0.10 secs,almirante2019cal.cal,1:15,1:16,53.8,101.5,111.9,97.8,106.3,103.6,102.9,101,99.7,99.3,98.6,133.9,118.8,Unweighted
X,X,Bocas del Toro-AlmiranteSOUNDTRAP 2019,0.10 secs,almirante2019cal.cal,1:25,1:26,52.9,101.1,105.3,98,104.6,102.9,102.5,100.8,99.5,99.2,98.6,133.1,118.3,Unweighted
X,X,Bocas del Toro-AlmiranteSOUNDTRAP 2019,0.10 secs,almirante2019cal.cal,1:35,1:36,53.1,101,109,97.5,105.3,103,102.2,100.6,99.3,99,98.6,131.6,118.2,Unweighted
X,X,Bocas del Toro-AlmiranteSOUNDTRAP 2019,0.10 secs,almirante2019cal.cal,1:45,1:46,52.9,101.2,106.5,97.5,104.7,103.3,102.6,100.8,99.5,99.3,98.5,134.7,118.4,Unweighted
X,X,Bocas del Toro-AlmiranteSOUNDTRAP 2019,0.10 secs,almirante2019cal.cal,1:55,1:56,53.3,100.8,104.1,97,103.5,102.6,102.2,100.6,99.3,98.9,98.2,131.8,118.1,Unweighted
X,X,Bocas del Toro-AlmiranteSOUNDTRAP 2019,0.10 secs,almirante2019cal.cal,2:05,2:06,52.3,101,108.6,97.3,104.4,103.1,102.4,100.7,99.1,98.8,97.8,135.2,118.2,Unweighted
X,X,Bocas del Toro-AlmiranteSOUNDTRAP 2019,0.10 secs,almirante2019cal.cal,2:15,2:16,52.7,100.7,105.8,96.9,104.3,103,102.2,100.4,98.9,98.4,97.7,132.2,117.9,Unweighted
X,X,Bocas del Toro-AlmiranteSOUNDTRAP 2019,0.10 secs,almirante2019cal.cal,2:25,2:26,53.2,100.9,111.3,97.2,104.9,103.2,102.3,100.5,98.9,98.7,98.1,133.8,118.2,Unweighted
X,X,Bocas del Toro-AlmiranteSOUNDTRAP 2019,0.10 secs,almirante2019cal.cal,2:35,2:36,53.6,101.2,105,97.7,104.4,102.9,102.5,101,99.5,99.1,98.4,133.7,118.5,Unweighted
X,X,Bocas del Toro-AlmiranteSOUNDTRAP 2019,0.10 secs,almirante2019cal.cal,2:45,2:46,53.6,100.7,111.6,97,105.1,102.7,102.1,100.3,98.9,98.5,97.6,135.8,118,Unweighted
X,X,Bocas del Toro-AlmiranteSOUNDTRAP 2019,0.10 secs,almirante2019cal.cal,2:55,2:56,53.3,100.8,109.5,97,104.7,102.8,102.3,100.4,99,98.6,97.9,131.6,118.1,Unweighted
X,X,Bocas del Toro-AlmiranteSOUNDTRAP 2019,0.10 secs,almirante2019cal.cal,3:05,3:06,53.8,100.5,105.4,96.6,103.5,102.5,101.9,100.3,98.7,98.4,97.5,135.5,117.8,Unweighted
X,X,Bocas del Toro-AlmiranteSOUNDTRAP 2019,0.10 secs,almirante2019cal.cal,3:15,3:16,53.7,100.9,111,97,104.8,103.3,102.2,100.3,98.8,98.5,97.7,135.8,118.2,Unweighted
X,X,Bocas del Toro-AlmiranteSOUNDTRAP 2019,0.10 secs,almirante2019cal.cal,3:25,3:26,53,100.9,118,96.9,103.9,102.4,102,100.1,98.7,98.3,97.6,132.5,118.1,Unweighted
X,X,Bocas del Toro-AlmiranteSOUNDTRAP 2019,0.10 secs,almirante2019cal.cal,3:35,3:36,53.3,101.2,115.4,96.7,109.3,102.8,102,100.2,98.7,98.4,97.6,137.9,118.4,Unweighted
X,X,Bocas del Toro-AlmiranteSOUNDTRAP 2019,0.10 secs,almirante2019cal.cal,3:45,3:46,53.9,101.1,115.1,97.2,105.9,103.1,102.5,100.4,98.8,98.5,97.6,131.6,118.4,Unweighted
X,X,Bocas del Toro-AlmiranteSOUNDTRAP 2019,0.10 secs,almirante2019cal.cal,3:55,3:56,53.4,100.6,111.9,96.7,104,102.6,101.9,100.1,98.5,98.1,97.7,132.7,117.9,Unweighted
X,X,Bocas del Toro-AlmiranteSOUNDTRAP 2019,0.10 secs,almirante2019cal.cal,4:05,4:06,53.2,100.7,111.4,97.1,104.5,102.9,102.3,100.3,98.8,98.3,97.5,134,118,Unweighted
X,X,Bocas del Toro-AlmiranteSOUNDTRAP 2019,0.10 secs,almirante2019cal.cal,4:15,4:16,53.4,100.3,105.6,96.9,103.8,102.3,101.8,100,98.6,98.3,97.6,135.4,117.6,Unweighted
X,X,Bocas del Toro-AlmiranteSOUNDTRAP 2019,0.10 secs,almirante2019cal.cal,4:25,4:26,53.7,100,108.1,95.2,103,102,101.4,99.7,98.2,97.8,96.9,129.9,117.3,Unweighted
X,X,Bocas del Toro-AlmiranteSOUNDTRAP 2019,0.10 secs,almirante2019cal.cal,4:35,4:36,53.7,100.3,107.6,96.8,104.3,102.7,101.7,99.9,98.6,98.1,97.5,132.1,117.6,Unweighted
X,X,Bocas del Toro-AlmiranteSOUNDTRAP 2019,0.10 secs,almirante2019cal.cal,4:45,4:46,53.1,100.3,105.9,97,103.6,102.6,101.8,99.9,98.6,98.3,97.8,135.1,117.6,Unweighted
X,X,Bocas del Toro-AlmiranteSOUNDTRAP 2019,0.10 secs,almirante2019cal.cal,4:55,4:56,53.2,100.2,104,97,103.6,102.4,101.7,99.8,98.6,98.3,97.6,132,117.4,Unweighted
X,X,Bocas del Toro-AlmiranteSOUNDTRAP 2019,0.10 secs,almirante2019cal.cal,5:05,5:06,53.2,100.2,104.5,96.8,103.1,102.2,101.8,99.9,98.4,98.2,97.4,135,117.5,Unweighted
X,X,Bocas del Toro-AlmiranteSOUNDTRAP 2019,0.10 secs,almirante2019cal.cal,5:15,5:16,53,100.3,106.1,96.8,103.8,102.5,101.7,100,98.5,98,97.4,132.7,117.6,Unweighted
X,X,Bocas del Toro-AlmiranteSOUNDTRAP 2019,0.10 secs,almirante2019cal.cal,5:25,5:26,52.7,100.8,107.9,96.8,106.8,103.6,102.4,100,98.6,98.2,97.4,131.4,118,Unweighted
X,X,Bocas del Toro-AlmiranteSOUNDTRAP 2019,0.10 secs,almirante2019cal.cal,5:35,5:36,53.4,100.3,103.8,97.2,103.2,102.3,101.8,100.1,98.8,98.4,97.7,129.8,117.6,Unweighted
X,X,Bocas del Toro-AlmiranteSOUNDTRAP 2019,0.10 secs,almirante2019cal.cal,5:45,5:46,53.7,103.3,126.9,96.9,103.8,102.6,102.1,100.6,99.3,99,98.4,135.9,120.6,Unweighted
X,X,Bocas del Toro-AlmiranteSOUNDTRAP 2019,0.10 secs,almirante2019cal.cal,5:55,5:56,54.1,114.3,141.3,98,107.6,103,102.4,100.9,99.5,99.2,98.4,146.6,131.7,Unweighted
X,X,Bocas del Toro-AlmiranteSOUNDTRAP 2019,0.10 secs,almirante2019cal.cal,6:05,6:06,53.6,101,112.8,98.4,104,102.6,102.3,100.7,99.3,99,98.7,132.8,118.3,Unweighted
X,X,Bocas del Toro-AlmiranteSOUNDTRAP 2019,0.10 secs,almirante2019cal.cal,6:15,6:16,54.1,101,112.7,97.8,103.8,102.6,102.1,100.7,99.5,99.3,98.7,132.3,118.3,Unweighted
X,X,Bocas del Toro-AlmiranteSOUNDTRAP 2019,0.10 secs,almirante2019cal.cal,6:25,6:26,53.6,100.6,106.5,97.5,103.9,102.7,102.1,100.3,99,98.6,98,136.4,117.9,Unweighted
X,X,Bocas del Toro-AlmiranteSOUNDTRAP 2019,0.10 secs,almirante2019cal.cal,6:35,6:36,53.1,100.8,105,97.4,103.7,102.9,102.3,100.4,99.1,98.8,97.9,131.9,118,Unweighted
X,X,Bocas del Toro-AlmiranteSOUNDTRAP 2019,0.10 secs,almirante2019cal.cal,6:45,6:46,53.7,103.6,112.9,99.4,107.4,106,105.2,103,101.6,101.1,100.2,132.5,120.9,Unweighted
X,X,Bocas del Toro-AlmiranteSOUNDTRAP 2019,0.10 secs,almirante2019cal.cal,6:55,6:56,53.5,100.5,104.8,96.7,103.5,102.5,102,100.3,98.8,98.4,97.5,131.8,117.8,Unweighted
X,X,Bocas del Toro-AlmiranteSOUNDTRAP 2019,0.10 secs,almirante2019cal.cal,7:05,7:06,53.4,101.1,106,97.9,104.5,103.3,102.7,100.9,99.3,99,98.3,134.9,118.4,Unweighted
X,X,Bocas del Toro-AlmiranteSOUNDTRAP 2019,0.10 secs,almirante2019cal.cal,7:15,7:16,53.8,115.5,141.3,105,113.3,112.1,111.6,109.4,107.4,106.9,106.3,146.7,132.8,Unweighted
X,X,Bocas del Toro-AlmiranteSOUNDTRAP 2019,0.10 secs,almirante2019cal.cal,7:25,7:26,53.6,114.4,130.3,107.7,126.9,119.4,115.5,110,108.5,108.3,107.9,141.6,131.7,Unweighted
X,X,Bocas del Toro-AlmiranteSOUNDTRAP 2019,0.10 secs,almirante2019cal.cal,7:35,7:36,53.9,127.7,154.7,101.7,126.9,118.8,113.3,104.7,102.9,102.6,102.1,160.2,145,Unweighted
X,X,Bocas del Toro-AlmiranteSOUNDTRAP 2019,0.10 secs,almirante2019cal.cal,7:45,7:46,53.7,101,105.6,97.2,104.5,103.1,102.6,100.8,99.1,98.6,97.9,132.2,118.3,Unweighted
X,X,Bocas del Toro-AlmiranteSOUNDTRAP 2019,0.10 secs,almirante2019cal.cal,7:55,7:56,53.9,114.3,141.3,96.7,104.8,102.6,102.1,100.1,98.5,97.9,97.3,146.6,131.6,Unweighted
X,X,Bocas del Toro-AlmiranteSOUNDTRAP 2019,0.10 secs,almirante2019cal.cal,8:05,8:06,52.2,100.6,105.9,97.3,104.4,102.6,101.9,100.3,98.7,98.2,97.6,134.5,117.7,Unweighted
X,X,Bocas del Toro-AlmiranteSOUNDTRAP 2019,0.10 secs,almirante2019cal.cal,8:15,8:16,53.1,100.2,106.3,96.6,104.4,102.5,101.7,99.8,98.2,97.7,97.1,136.9,117.4,Unweighted
X,X,Bocas del Toro-AlmiranteSOUNDTRAP 2019,0.10 secs,almirante2019cal.cal,8:25,8:26,53.9,100.6,105.2,96.9,104.4,102.9,102.3,100.2,98.7,98.3,97.7,133.2,117.9,Unweighted
X,X,Bocas del Toro-AlmiranteSOUNDTRAP 2019,0.10 secs,almirante2019cal.cal,8:35,8:36,52.7,100.9,105.5,97.2,104.4,102.9,102.5,100.7,99.1,98.6,98.1,132,118.1,Unweighted
X,X,Bocas del Toro-AlmiranteSOUNDTRAP 2019,0.10 secs,almirante2019cal.cal,8:45,8:46,53.7,104.2,118.1,100.2,110,107.9,107.2,102.7,101.4,101.2,100.6,134.1,121.5,Unweighted
X,X,Bocas del Toro-AlmiranteSOUNDTRAP 2019,0.10 secs,almirante2019cal.cal,8:55,8:56,53.4,100.6,105,97.4,104.1,102.9,102.1,100.4,98.9,98.4,98,133.9,117.9,Unweighted
X,X,Bocas del Toro-AlmiranteSOUNDTRAP 2019,0.10 secs,almirante2019cal.cal,9:05,9:06,53.4,105,113.4,99.6,107,106.6,106.2,105,103.2,102.7,100.5,140,122.3,Unweighted
X,X,Bocas del Toro-AlmiranteSOUNDTRAP 2019,0.10 secs,almirante2019cal.cal,9:15,9:16,53.3,100.7,106.8,97.3,103.8,102.5,102,100.5,99.1,98.8,98.1,135.6,118,Unweighted
X,X,Bocas del Toro-AlmiranteSOUNDTRAP 2019,0.10 secs,almirante2019cal.cal,9:25,9:26,54,101.9,113.1,97.4,106.3,105.4,104.1,101,99,98.6,98,143.9,119.3,Unweighted
X,X,Bocas del Toro-AlmiranteSOUNDTRAP 2019,0.10 secs,almirante2019cal.cal,9:35,9:36,53.9,103,126.9,96.8,103.9,102.5,101.9,99.9,98.2,97.7,97.3,137.7,120.3,Unweighted
X,X,Bocas del Toro-AlmiranteSOUNDTRAP 2019,0.10 secs,almirante2019cal.cal,9:45,9:46,53.7,103.8,126.9,96.9,105.6,103.7,103.1,101.5,99.8,99.4,98.3,132.8,121.1,Unweighted
X,X,Bocas del Toro-AlmiranteSOUNDTRAP 2019,0.10 secs,almirante2019cal.cal,9:55,9:56,53.7,105.4,112.8,101.6,108.9,107.8,107.4,104.8,103.2,102.9,102.1,133.2,122.7,Unweighted
X,X,Bocas del Toro-AlmiranteSOUNDTRAP 2019,0.10 secs,almirante2019cal.cal,10:05,10:06,52.4,100.3,105.3,97.7,104.8,102.3,101.7,100,98.7,98.4,97.8,133.8,117.5,Unweighted
X,X,Bocas del Toro-AlmiranteSOUNDTRAP 2019,0.10 secs,almirante2019cal.cal,10:15,10:16,52.5,114.3,119.7,96.2,118.9,118.1,117.3,113.2,99.8,98.6,97.3,134.8,131.5,Unweighted
X,X,Bocas del Toro-AlmiranteSOUNDTRAP 2019,0.10 secs,almirante2019cal.cal,10:25,10:26,54.3,102.6,126.8,95.7,103.4,101.9,101.2,99.2,97.6,97.3,96.6,132.4,120,Unweighted
X,X,Bocas del Toro-AlmiranteSOUNDTRAP 2019,0.10 secs,almirante2019cal.cal,10:35,10:36,53.7,105,115.1,101.3,107.8,106.9,106.3,104.7,103.2,102.6,101.9,140.3,122.3,Unweighted
X,X,Bocas del Toro-AlmiranteSOUNDTRAP 2019,0.10 secs,almirante2019cal.cal,10:45,10:46,53.2,111.7,118.6,99.1,117.7,115.5,114.9,110.7,100.9,100.1,99.5,135.5,128.9,Unweighted
X,X,Bocas del Toro-AlmiranteSOUNDTRAP 2019,0.10 secs,almirante2019cal.cal,10:55,10:56,53.1,99.1,107,95.8,102.9,101.2,100.6,98.7,97.3,97,96.1,135.5,116.3,Unweighted
X,X,Bocas del Toro-AlmiranteSOUNDTRAP 2019,0.10 secs,almirante2019cal.cal,11:05,11:06,53.4,99.3,110,95.6,103.5,101.4,100.6,98.6,97.2,96.8,96.1,133.4,116.6,Unweighted
X,X,Bocas del Toro-AlmiranteSOUNDTRAP 2019,0.10 secs,almirante2019cal.cal,11:15,11:16,53.3,108.2,115.5,103.1,114.6,112.4,111.1,106.4,104.8,104.3,103.3,135,125.5,Unweighted
X,X,Bocas del Toro-AlmiranteSOUNDTRAP 2019,0.10 secs,almirante2019cal.cal,11:25,11:26,53.6,98.7,105.5,95.5,102.3,100.7,100.2,98.4,96.9,96.6,96,130.8,116,Unweighted
X,X,Bocas del Toro-AlmiranteSOUNDTRAP 2019,0.10 secs,almirante2019cal.cal,11:35,11:36,53.4,106.4,112.6,96.6,110.8,109.5,108.8,107.2,98.7,98,97.2,139.9,123.7,Unweighted
X,X,Bocas del Toro-AlmiranteSOUNDTRAP 2019,0.10 secs,almirante2019cal.cal,11:45,11:46,53.3,117.2,121.7,110.4,120.9,120.2,119.8,116.1,113.1,112.3,111.2,140.3,134.4,Unweighted
X,X,Bocas del Toro-AlmiranteSOUNDTRAP 2019,0.10 secs,almirante2019cal.cal,11:55,11:56,53.6,100,112.6,96.9,103.6,101.7,101.1,99.7,98.4,98.1,97.3,133.7,117.3,Unweighted
X,X,Bocas del Toro-AlmiranteSOUNDTRAP 2019,0.10 secs,almirante2019cal.cal,12:05,12:06,52.9,99.2,104.6,95.8,103.1,101.3,100.6,98.8,97.4,97.1,96.7,132.7,116.4,Unweighted
X,X,Bocas del Toro-AlmiranteSOUNDTRAP 2019,0.10 secs,almirante2019cal.cal,12:15,12:16,54.2,112.5,115.5,109,115.1,114.8,114.6,112,109.6,109.3,109.1,132.2,129.9,Unweighted
X,X,Bocas del Toro-AlmiranteSOUNDTRAP 2019,0.10 secs,almirante2019cal.cal,12:25,12:26,53.3,100.1,112.8,96,104.1,103.1,102.1,99.3,97.5,97,96.4,140.2,117.3,Unweighted
X,X,Bocas del Toro-AlmiranteSOUNDTRAP 2019,0.10 secs,almirante2019cal.cal,12:35,12:36,53.7,99.2,112.5,95.7,102.9,101.2,100.5,98.6,97.3,96.9,96.3,131.8,116.5,Unweighted
X,X,Bocas del Toro-AlmiranteSOUNDTRAP 2019,0.10 secs,almirante2019cal.cal,12:45,12:46,54,107.9,126.9,103.1,110.5,109.4,108.7,107.1,104.9,104.5,103.7,133.6,125.2,Unweighted
X,X,Bocas del Toro-AlmiranteSOUNDTRAP 2019,0.10 secs,almirante2019cal.cal,12:55,12:56,54.4,114.3,141.3,98.2,104.9,103.6,103.2,101.7,100,99.6,99.1,146.6,131.7,Unweighted
X,X,Bocas del Toro-AlmiranteSOUNDTRAP 2019,0.10 secs,almirante2019cal.cal,13:05,13:06,53.8,100,113.1,96.6,103.4,101.9,101.2,99.5,98.1,97.9,97.4,143.1,117.3,Unweighted
X,X,Bocas del Toro-AlmiranteSOUNDTRAP 2019,0.10 secs,almirante2019cal.cal,13:15,13:16,54.1,103.2,126.9,96.6,104.5,103.1,102.2,100.1,98.6,98.1,97.5,133.1,120.5,Unweighted
X,X,Bocas del Toro-AlmiranteSOUNDTRAP 2019,0.10 secs,almirante2019cal.cal,13:25,13:26,53.4,105.9,109.4,99.4,109.3,108.6,108.2,105.5,101,100.2,99.7,132.9,123.2,Unweighted
X,X,Bocas del Toro-AlmiranteSOUNDTRAP 2019,0.10 secs,almirante2019cal.cal,13:35,13:36,54.2,114.2,141.2,96.8,104.1,102,101.4,99.9,98.6,98.4,97.8,146.6,131.6,Unweighted
X,X,Bocas del Toro-AlmiranteSOUNDTRAP 2019,0.10 secs,almirante2019cal.cal,13:45,13:46,53.8,114.2,141.2,95.9,104.6,101.9,100.8,98.8,97.3,97.1,96.5,146.5,131.5,Unweighted
X,X,Bocas del Toro-AlmiranteSOUNDTRAP 2019,0.10 secs,almirante2019cal.cal,13:55,13:56,53.1,99.1,104,96,102.8,101.6,100.8,98.7,97.3,97,96.5,132.1,116.4,Unweighted
X,X,Bocas del Toro-AlmiranteSOUNDTRAP 2019,0.10 secs,almirante2019cal.cal,14:05,14:06,53.1,116.1,120.5,97.3,120.3,119.9,119.6,115,104.6,99.4,97.7,136.9,133.4,Unweighted
X,X,Bocas del Toro-AlmiranteSOUNDTRAP 2019,0.10 secs,almirante2019cal.cal,14:15,14:16,53.7,102.9,112.8,100.3,105.2,104.1,103.9,102.6,101.6,101.3,100.8,132.3,120.2,Unweighted
X,X,Bocas del Toro-AlmiranteSOUNDTRAP 2019,0.10 secs,almirante2019cal.cal,14:25,14:26,53.4,100.5,103.7,98.1,102.8,102.1,101.6,100.4,99.2,99,98.5,129.1,117.8,Unweighted
X,X,Bocas del Toro-AlmiranteSOUNDTRAP 2019,0.10 secs,almirante2019cal.cal,14:35,14:36,53.7,100.5,112.7,97.3,104.2,102.2,101.8,100.1,98.8,98.5,97.9,136.9,117.8,Unweighted
X,X,Bocas del Toro-AlmiranteSOUNDTRAP 2019,0.10 secs,almirante2019cal.cal,14:45,14:46,53.7,101,112.7,97.5,104.6,102.8,102.4,100.6,99.1,98.8,98,136.9,118.3,Unweighted
X,X,Bocas del Toro-AlmiranteSOUNDTRAP 2019,0.10 secs,almirante2019cal.cal,14:55,14:56,52.6,101.6,106.8,97.7,105.1,103.9,103.2,101.2,99.6,99.3,98.6,134.3,118.8,Unweighted
X,X,Bocas del Toro-AlmiranteSOUNDTRAP 2019,0.10 secs,almirante2019cal.cal,15:05,15:06,53.8,99.8,112.6,95.5,103.9,101.6,101,99.3,97.9,97.6,96.9,133.1,117.1,Unweighted
X,X,Bocas del Toro-AlmiranteSOUNDTRAP 2019,0.10 secs,almirante2019cal.cal,15:15,15:16,53.1,98.5,105.8,95.5,102.3,100.9,100.2,98,96.6,96.3,95.7,137.2,115.8,Unweighted
X,X,Bocas del Toro-AlmiranteSOUNDTRAP 2019,0.10 secs,almirante2019cal.cal,15:25,15:26,53.5,114.4,141.3,98.1,104.3,102.8,102.1,100.5,99.3,99.1,98.5,146.6,131.6,Unweighted
X,X,Bocas del Toro-AlmiranteSOUNDTRAP 2019,0.10 secs,almirante2019cal.cal,15:35,15:36,53.7,108.9,112.8,106.1,112,111.5,111,108.3,106.9,106.6,106.3,134.8,126.2,Unweighted
X,X,Bocas del Toro-AlmiranteSOUNDTRAP 2019,0.10 secs,almirante2019cal.cal,15:45,15:46,53.4,115.4,127,105.7,119.8,119,118.7,115.1,107,106.5,106,149.6,132.6,Unweighted
X,X,Bocas del Toro-AlmiranteSOUNDTRAP 2019,0.10 secs,almirante2019cal.cal,15:55,15:56,53.6,123,146.4,99.5,135.3,122.2,117.8,101.8,100.5,100.2,99.8,172.3,140.3,Unweighted
X,X,Bocas del Toro-AlmiranteSOUNDTRAP 2019,0.10 secs,almirante2019cal.cal,16:05,16:06,53.7,112.1,119.8,102.4,119,117.4,116.8,106.7,103.9,103.5,103,144.9,129.4,Unweighted
X,X,Bocas del Toro-AlmiranteSOUNDTRAP 2019,0.10 secs,almirante2019cal.cal,16:15,16:16,53.9,104.3,126.9,99.5,104.9,104,103.6,102.5,101,100.8,100.2,132.7,121.7,Unweighted
X,X,Bocas del Toro-AlmiranteSOUNDTRAP 2019,0.10 secs,almirante2019cal.cal,16:25,16:26,54.4,127.7,154.8,104.4,112.5,111.4,111.1,107.1,105.2,104.9,104.6,160.3,145,Unweighted
X,X,Bocas del Toro-AlmiranteSOUNDTRAP 2019,0.10 secs,almirante2019cal.cal,16:35,16:36,53.8,99.8,112.7,97.2,103.3,101.8,101.1,99.3,98.3,98.1,97.7,133.6,117.1,Unweighted
X,X,Bocas del Toro-AlmiranteSOUNDTRAP 2019,0.10 secs,almirante2019cal.cal,16:45,16:46,53.9,103.9,112.7,99.7,107,106.3,106,103.4,101.1,100.7,100.2,131.8,121.2,Unweighted
X,X,Bocas del Toro-AlmiranteSOUNDTRAP 2019,0.10 secs,almirante2019cal.cal,16:55,16:56,53.3,109,119.2,106.6,111.3,110.9,110.6,108.5,107.2,107,106.9,133.3,126.3,Unweighted
X,X,Bocas del Toro-AlmiranteSOUNDTRAP 2019,0.10 secs,almirante2019cal.cal,17:05,17:06,53.2,99.4,110.3,95.6,105.7,101.7,101,98.7,97.3,97,96.4,134.9,116.7,Unweighted
X,X,Bocas del Toro-AlmiranteSOUNDTRAP 2019,0.10 secs,almirante2019cal.cal,17:15,17:16,53.3,99.7,112.5,95.9,105.6,102,101.1,99,97.5,97.2,96.3,135.6,117,Unweighted
X,X,Bocas del Toro-AlmiranteSOUNDTRAP 2019,0.10 secs,almirante2019cal.cal,17:25,17:26,54.1,103.1,126.9,98.4,103.7,102.2,101.7,100.3,99.3,98.9,98.6,133,120.4,Unweighted
X,X,Bocas del Toro-AlmiranteSOUNDTRAP 2019,0.10 secs,almirante2019cal.cal,17:35,17:36,53.4,114.3,141.3,95.9,104.8,102.3,101.6,99.7,98.3,97.9,97.2,146.6,131.6,Unweighted
X,X,Bocas del Toro-AlmiranteSOUNDTRAP 2019,0.10 secs,almirante2019cal.cal,17:45,17:46,53.9,115.3,122.2,106.7,121.6,120.8,119.9,112.1,107.6,107.4,107,137.5,132.6,Unweighted
X,X,Bocas del Toro-AlmiranteSOUNDTRAP 2019,0.10 secs,almirante2019cal.cal,17:55,17:56,54.1,127.6,154.7,96.2,104.5,101.9,101.2,99.3,97.7,97.3,96.7,160.2,144.9,Unweighted
X,X,Bocas del Toro-AlmiranteSOUNDTRAP 2019,0.10 secs,almirante2019cal.cal,18:05,18:06,52.5,113,116.1,109.5,116,115.3,115,112.3,110.9,110.5,110,133.4,130.2,Unweighted
X,X,Bocas del Toro-AlmiranteSOUNDTRAP 2019,0.10 secs,almirante2019cal.cal,18:15,18:16,52.2,115.1,123.1,101.6,122.8,121.5,120.7,109.6,103.5,103,102.1,138.7,132.3,Unweighted
X,X,Bocas del Toro-AlmiranteSOUNDTRAP 2019,0.10 secs,almirante2019cal.cal,18:25,18:26,52.9,99.7,105.9,96.2,103.7,102,101.2,99.3,97.7,97.3,96.7,134,116.9,Unweighted
X,X,Bocas del Toro-AlmiranteSOUNDTRAP 2019,0.10 secs,almirante2019cal.cal,18:35,18:36,53.7,103.8,124.6,98.4,113.9,105.2,103.7,101.3,99.9,99.5,99,145.1,121.1,Unweighted
X,X,Bocas del Toro-AlmiranteSOUNDTRAP 2019,0.10 secs,almirante2019cal.cal,18:45,18:46,53,106.7,109.1,103.9,108.5,108.2,108,107,104.6,104.4,104.2,132.2,124,Unweighted
X,X,Bocas del Toro-AlmiranteSOUNDTRAP 2019,0.10 secs,almirante2019cal.cal,18:55,18:56,53.9,116.5,141.3,110,115.1,114.5,114.3,112.8,111.3,111,110.4,147.1,133.9,Unweighted
X,X,Bocas del Toro-AlmiranteSOUNDTRAP 2019,0.10 secs,almirante2019cal.cal,19:05,19:06,53.8,102.3,109.3,98.8,106.8,104.4,103.6,101.9,100.6,100.2,99.6,131.7,119.6,Unweighted
X,X,Bocas del Toro-AlmiranteSOUNDTRAP 2019,0.10 secs,almirante2019cal.cal,19:15,19:16,52.8,105.4,109.4,103.3,107.6,106.5,106.2,105.3,104.4,104.1,103.6,132.9,122.6,Unweighted
X,X,Bocas del Toro-AlmiranteSOUNDTRAP 2019,0.10 secs,almirante2019cal.cal,19:25,19:26,53.3,101.7,115.4,98.2,106.7,103.4,102.8,101.1,99.6,99.3,98.6,132.9,118.9,Unweighted
X,X,Bocas del Toro-AlmiranteSOUNDTRAP 2019,0.10 secs,almirante2019cal.cal,19:35,19:36,52.8,101.6,116.8,98.1,107,103.1,102.5,100.9,99.4,99,98.4,142.1,118.9,Unweighted
X,X,Bocas del Toro-AlmiranteSOUNDTRAP 2019,0.10 secs,almirante2019cal.cal,19:45,19:46,54.1,111.5,127.6,99.7,119.1,117.8,117.1,104.7,101.3,100.8,100.1,143.9,128.8,Unweighted
X,X,Bocas del Toro-AlmiranteSOUNDTRAP 2019,0.10 secs,almirante2019cal.cal,19:55,19:56,53.3,101.2,107.3,97.7,104.6,103.2,102.7,101,99.4,99,98.3,134.9,118.5,Unweighted
X,X,Bocas del Toro-AlmiranteSOUNDTRAP 2019,0.10 secs,almirante2019cal.cal,20:05,20:06,52.8,108.4,111.8,101.6,111.3,110.8,110.3,108.6,103.8,103,102.4,134.5,125.6,Unweighted
X,X,Bocas del Toro-AlmiranteSOUNDTRAP 2019,0.10 secs,almirante2019cal.cal,20:15,20:16,52.2,101.6,105.7,98.7,104.6,103.6,103,101.3,100,99.8,99.4,133.5,118.8,Unweighted
X,X,Bocas del Toro-AlmiranteSOUNDTRAP 2019,0.10 secs,almirante2019cal.cal,20:25,20:26,53.8,113.1,116.6,104.8,116.4,116.2,116,112,106.4,105.6,105,133.2,130.4,Unweighted
X,X,Bocas del Toro-AlmiranteSOUNDTRAP 2019,0.10 secs,almirante2019cal.cal,20:35,20:36,52.6,107.7,119.5,104.4,109.9,108.6,108.5,107.8,106,105.5,105,135.3,124.9,Unweighted
X,X,Bocas del Toro-AlmiranteSOUNDTRAP 2019,0.10 secs,almirante2019cal.cal,20:45,20:46,53.6,101.8,106.7,98.8,104.6,103.7,103.2,101.6,100.4,100.1,99.2,137,119.1,Unweighted
X,X,Bocas del Toro-AlmiranteSOUNDTRAP 2019,0.10 secs,almirante2019cal.cal,20:55,20:56,53.6,102.3,117,99.5,106.4,103.8,103,101.6,100.5,100.2,99.6,134.5,119.6,Unweighted
X,X,Bocas del Toro-AlmiranteSOUNDTRAP 2019,0.10 secs,almirante2019cal.cal,21:05,21:06,53.9,104,126.9,98.2,107.4,103.7,103.2,101.6,100.3,100,99.1,132.8,121.3,Unweighted
X,X,Bocas del Toro-AlmiranteSOUNDTRAP 2019,0.10 secs,almirante2019cal.cal,21:15,21:16,53.4,101.7,112.6,98.4,106.3,103.3,102.9,101.3,100.2,99.9,99.3,134,119,Unweighted
X,X,Bocas del Toro-AlmiranteSOUNDTRAP 2019,0.10 secs,almirante2019cal.cal,21:25,21:26,53.6,101.5,115.5,97.4,104.4,103,102.5,100.9,99.4,99,97.9,133.5,118.7,Unweighted
X,X,Bocas del Toro-AlmiranteSOUNDTRAP 2019,0.10 secs,almirante2019cal.cal,21:35,21:36,53.2,102,109.2,99.3,104.5,103.6,103.2,101.8,100.7,100.4,99.8,132,119.3,Unweighted
X,X,Bocas del Toro-AlmiranteSOUNDTRAP 2019,0.10 secs,almirante2019cal.cal,21:45,21:46,53.4,101.4,108.7,98,104.6,103.2,102.7,101.2,99.6,99.2,98.6,134.4,118.7,Unweighted
X,X,Bocas del Toro-AlmiranteSOUNDTRAP 2019,0.10 secs,almirante2019cal.cal,21:55,21:56,54,114.8,141.3,104.3,109.2,107.6,107.4,106.1,105.3,105.1,104.6,146.9,132.1,Unweighted
X,X,Bocas del Toro-AlmiranteSOUNDTRAP 2019,0.10 secs,almirante2019cal.cal,22:05,22:06,53,108.6,111.3,107.2,109.9,109.5,109.3,108.4,107.9,107.7,107.5,134.6,125.8,Unweighted
X,X,Bocas del Toro-AlmiranteSOUNDTRAP 2019,0.10 secs,almirante2019cal.cal,22:15,22:16,52.9,109,112.1,107,110.9,110.5,110.2,108.7,107.7,107.5,107.2,134.7,126.2,Unweighted
X,X,Bocas del Toro-AlmiranteSOUNDTRAP 2019,0.10 secs,almirante2019cal.cal,22:25,22:26,53.4,106.5,111.1,105,109.2,107.4,107.1,106.4,105.8,105.6,105.3,131.6,123.8,Unweighted
X,X,Bocas del Toro-AlmiranteSOUNDTRAP 2019,0.10 secs,almirante2019cal.cal,22:35,22:36,53.3,108.4,113.9,107,109.7,109.1,109,108.3,107.8,107.6,107.3,136.2,125.7,Unweighted
X,X,Bocas del Toro-AlmiranteSOUNDTRAP 2019,0.10 secs,almirante2019cal.cal,22:45,22:46,52.8,110.4,111.6,109.3,111.1,110.9,110.8,110.5,110,109.8,109.5,136.1,127.7,Unweighted
X,X,Bocas del Toro-AlmiranteSOUNDTRAP 2019,0.10 secs,almirante2019cal.cal,22:55,22:56,53.7,106.6,118.6,103.6,110.5,107.4,107.2,106.2,105.2,104.8,104.1,132.3,123.9,Unweighted
X,X,Bocas del Toro-AlmiranteSOUNDTRAP 2019,0.10 secs,almirante2019cal.cal,23:05,23:06,54,107.6,126.9,104.4,114.1,108.1,107.3,106.4,105.7,105.5,105.2,133.9,124.9,Unweighted
X,X,Bocas del Toro-AlmiranteSOUNDTRAP 2019,0.10 secs,almirante2019cal.cal,23:15,23:16,53.3,106.5,115.3,105,109.3,107.5,107.2,106.4,105.6,105.4,105.2,133.1,123.8,Unweighted
X,X,Bocas del Toro-AlmiranteSOUNDTRAP 2019,0.10 secs,almirante2019cal.cal,23:25,23:26,53.8,106.4,113.4,104.9,108.1,107.3,107,106.3,105.6,105.5,105.2,130.1,123.8,Unweighted
X,X,Bocas del Toro-AlmiranteSOUNDTRAP 2019,0.10 secs,almirante2019cal.cal,23:35,23:36,53.6,105.9,113.8,103.8,107.3,107,106.8,105.9,105,104.7,104.4,132.5,123.2,Unweighted
X,X,Bocas del Toro-AlmiranteSOUNDTRAP 2019,0.10 secs,almirante2019cal.cal,23:45,23:46,52.7,107.3,115.4,102.6,113.4,112.5,110.6,105,103.7,103.4,102.9,136.2,124.5,Unweighted
X,X,Bocas del Toro-AlmiranteSOUNDTRAP 2019,0.10 secs,almirante2019cal.cal,23:55,23:56,53.8,105.4,126.9,102,105.8,105.3,105,103.9,103,102.7,102.2,133.2,122.7,Unweighted
X,X,Bocas del Toro-AlmiranteSOUNDTRAP 2019,0.10 secs,almirante2019cal.cal,0:05,0:06,53.4,103.2,109.3,99.7,106.2,104.9,104.3,103.1,101.7,101.5,100.7,133.5,120.5,Unweighted
X,X,Bocas del Toro-AlmiranteSOUNDTRAP 2019,0.10 secs,almirante2019cal.cal,0:15,0:16,53.6,101.7,105.8,98.8,103.8,103.2,102.8,101.6,100.2,99.8,99.1,134.6,119,Unweighted
X,X,Bocas del Toro-AlmiranteSOUNDTRAP 2019,0.10 secs,almirante2019cal.cal,0:25,0:26,53.4,101.1,105.4,97.8,103.8,103.1,102.6,100.9,99.4,99,98.2,130.6,118.4,Unweighted
X,X,Bocas del Toro-AlmiranteSOUNDTRAP 2019,0.10 secs,almirante2019cal.cal,0:35,0:36,53.1,100.8,105.8,97.1,104,102.6,102.1,100.6,99,98.5,97.7,135.7,118,Unweighted
X,X,Bocas del Toro-AlmiranteSOUNDTRAP 2019,0.10 secs,almirante2019cal.cal,0:45,0:46,53.7,100.7,108.7,96.7,104.8,102.8,102.1,100.3,98.8,98.4,97.9,136.3,118,Unweighted
X,X,Bocas del Toro-AlmiranteSOUNDTRAP 2019,0.10 secs,almirante2019cal.cal,0:55,0:56,53.5,100.4,104.5,96.5,103.8,102.7,102.1,100.1,98.6,98.1,97.5,132.4,117.7,Unweighted
X,X,Bocas del Toro-AlmiranteSOUNDTRAP 2019,0.10 secs,almirante2019cal.cal,1:05,1:06,53.3,100.6,107.4,96.9,104.7,102.8,102.1,100.3,98.7,98.3,97.4,131.9,117.9,Unweighted
X,X,Bocas del Toro-AlmiranteSOUNDTRAP 2019,0.10 secs,almirante2019cal.cal,1:15,1:16,53.8,101.2,115.3,97.5,104.6,102.9,102.4,100.3,98.9,98.6,98.2,145.4,118.5,Unweighted
X,X,Bocas del Toro-AlmiranteSOUNDTRAP 2019,0.10 secs,almirante2019cal.cal,1:25,1:26,53.6,100.7,106,97.3,104,102.8,102.3,100.5,98.9,98.6,98,135,118,Unweighted
X,X,Bocas del Toro-AlmiranteSOUNDTRAP 2019,0.10 secs,almirante2019cal.cal,1:35,1:36,54.4,127.6,154.8,97.1,104.4,102.7,102.2,100.4,98.9,98.5,97.6,160.2,145,Unweighted
X,X,Bocas del Toro-AlmiranteSOUNDTRAP 2019,0.10 secs,almirante2019cal.cal,1:45,1:46,53.7,103.4,126.9,97.3,104.5,102.9,102.5,100.7,99.1,98.8,98,133.6,120.7,Unweighted
X,X,Bocas del Toro-AlmiranteSOUNDTRAP 2019,0.10 secs,almirante2019cal.cal,1:55,1:56,53.5,100.8,105.2,96.8,103.8,102.7,102.2,100.7,99.2,98.7,98.1,131.9,118.1,Unweighted
X,X,Bocas del Toro-AlmiranteSOUNDTRAP 2019,0.10 secs,almirante2019cal.cal,2:05,2:06,53.2,100.8,110.5,97.3,104.9,102.8,102.2,100.5,98.9,98.6,98,132.5,118.1,Unweighted
X,X,Bocas del Toro-AlmiranteSOUNDTRAP 2019,0.10 secs,almirante2019cal.cal,2:15,2:16,52.6,100.9,108.2,97,105.1,103,102.5,100.5,99.1,98.8,97.8,133.5,118.1,Unweighted
X,X,Bocas del Toro-AlmiranteSOUNDTRAP 2019,0.10 secs,almirante2019cal.cal,2:25,2:26,53.8,101.1,105.6,97,104.9,103.5,102.7,100.7,99.1,98.6,97.8,133.1,118.4,Unweighted
X,X,Bocas del Toro-AlmiranteSOUNDTRAP 2019,0.10 secs,almirante2019cal.cal,2:35,2:36,53.6,103.3,126.9,97.9,104.6,102.8,102.3,100.3,98.8,98.6,98.2,132.7,120.6,Unweighted
X,X,Bocas del Toro-AlmiranteSOUNDTRAP 2019,0.10 secs,almirante2019cal.cal,2:45,2:46,53.3,100.7,106.2,97.3,104,102.6,102.2,100.4,99,98.6,98,133.7,118,Unweighted
X,X,Bocas del Toro-AlmiranteSOUNDTRAP 2019,0.10 secs,almirante2019cal.cal,2:55,2:56,53.7,100.6,112.9,97.3,103.9,102.5,102.1,100.2,98.6,98.3,97.7,131.4,117.9,Unweighted
X,X,Bocas del Toro-AlmiranteSOUNDTRAP 2019,0.10 secs,almirante2019cal.cal,3:05,3:06,52.6,100.8,110.4,97.2,104,102.7,102.2,100.4,99.1,98.7,97.9,130.5,118,Unweighted
X,X,Bocas del Toro-AlmiranteSOUNDTRAP 2019,0.10 secs,almirante2019cal.cal,3:15,3:16,53.4,102.6,106.4,100.2,105.7,104.3,103.7,102.4,101.3,101.1,100.6,133.6,119.9,Unweighted
X,X,Bocas del Toro-AlmiranteSOUNDTRAP 2019,0.10 secs,almirante2019cal.cal,3:25,3:26,52.6,101.1,106.5,97.9,104.5,103,102.5,100.7,99.5,99.1,98.4,132.9,118.3,Unweighted
X,X,Bocas del Toro-AlmiranteSOUNDTRAP 2019,0.10 secs,almirante2019cal.cal,3:35,3:36,53.5,100.7,109.9,96.6,104.9,102.9,102.2,100.2,98.6,98.2,97.6,132.2,118,Unweighted
X,X,Bocas del Toro-AlmiranteSOUNDTRAP 2019,0.10 secs,almirante2019cal.cal,3:45,3:46,53.1,100.5,106.2,97.2,104.7,102.6,102,100.1,98.6,98.3,97.8,138.4,117.7,Unweighted
X,X,Bocas del Toro-AlmiranteSOUNDTRAP 2019,0.10 secs,almirante2019cal.cal,3:55,3:56,54,127.6,154.7,97,111.3,103.6,102.7,100.5,98.9,98.4,97.7,160.2,144.9,Unweighted
X,X,Bocas del Toro-AlmiranteSOUNDTRAP 2019,0.10 secs,almirante2019cal.cal,4:05,4:06,53.4,100.5,106,97.3,103.7,102.5,102,100.2,98.7,98.3,97.8,132.6,117.8,Unweighted
X,X,Bocas del Toro-AlmiranteSOUNDTRAP 2019,0.10 secs,almirante2019cal.cal,4:15,4:16,53.5,100.7,108.7,97.4,105.8,103,102.1,100.3,98.6,98.3,97.8,131.9,118,Unweighted
X,X,Bocas del Toro-AlmiranteSOUNDTRAP 2019,0.10 secs,almirante2019cal.cal,4:25,4:26,54,100.8,112.7,96.5,105,102.9,102.1,100.2,98.8,98.3,98,132.8,118.1,Unweighted
X,X,Bocas del Toro-AlmiranteSOUNDTRAP 2019,0.10 secs,almirante2019cal.cal,4:35,4:36,53.2,104.4,129.3,96.9,105.5,102.9,102.3,100.2,98.7,98.4,97.8,141.7,121.7,Unweighted
X,X,Bocas del Toro-AlmiranteSOUNDTRAP 2019,0.10 secs,almirante2019cal.cal,4:45,4:46,53.5,100.6,105.3,97,103.7,102.8,102.2,100.3,98.8,98.5,97.9,135.1,117.9,Unweighted
X,X,Bocas del Toro-AlmiranteSOUNDTRAP 2019,0.10 secs,almirante2019cal.cal,4:55,4:56,53.8,100.5,104.6,97.5,103.8,102.6,102,100.3,98.8,98.5,97.8,132.3,117.9,Unweighted
X,X,Bocas del Toro-AlmiranteSOUNDTRAP 2019,0.10 secs,almirante2019cal.cal,5:05,5:06,53.8,100.4,105.4,96.9,104.3,102.6,101.9,100.1,98.7,98.4,97.6,132.5,117.8,Unweighted
X,X,Bocas del Toro-AlmiranteSOUNDTRAP 2019,0.10 secs,almirante2019cal.cal,5:15,5:16,53.5,100.7,112.6,97.2,104.3,102.4,101.9,100.4,99,98.5,97.8,132.2,118,Unweighted
X,X,Bocas del Toro-AlmiranteSOUNDTRAP 2019,0.10 secs,almirante2019cal.cal,5:25,5:26,53.1,100.6,109.2,97.8,103.8,102.5,102,100.3,98.9,98.6,98.2,135,117.8,Unweighted
X,X,Bocas del Toro-AlmiranteSOUNDTRAP 2019,0.10 secs,almirante2019cal.cal,5:35,5:36,53.5,103.4,126.9,97.3,104.5,103.1,102.3,100.6,99.3,99,98.4,133.2,120.7,Unweighted
X,X,Bocas del Toro-AlmiranteSOUNDTRAP 2019,0.10 secs,almirante2019cal.cal,5:45,5:46,53,101.2,105.5,98.3,104.5,103.2,102.5,100.9,99.8,99.5,99.1,133.6,118.5,Unweighted
X,X,Bocas del Toro-AlmiranteSOUNDTRAP 2019,0.10 secs,almirante2019cal.cal,6:05,6:06,53.5,101.5,114.2,98.3,104.8,103.5,102.7,101.1,99.9,99.5,98.9,145.5,118.8,Unweighted
X,X,Bocas del Toro-AlmiranteSOUNDTRAP 2019,0.10 secs,almirante2019cal.cal,6:15,6:16,53.4,108.9,115.2,104.2,114.1,113.4,112.4,107,105.4,105.1,104.6,137.4,126.2,Unweighted
X,X,Bocas del Toro-AlmiranteSOUNDTRAP 2019,0.10 secs,almirante2019cal.cal,6:25,6:26,53.2,100.8,106.8,97.8,105.4,102.7,102.3,100.4,99.1,98.8,98.2,135.2,118.1,Unweighted
X,X,Bocas del Toro-AlmiranteSOUNDTRAP 2019,0.10 secs,almirante2019cal.cal,6:35,6:36,53.4,100.7,105,96.9,104.3,102.8,102.2,100.3,98.8,98.4,97.6,133.8,118,Unweighted
X,X,Bocas del Toro-AlmiranteSOUNDTRAP 2019,0.10 secs,almirante2019cal.cal,6:45,6:46,53.4,100.5,105,96.6,104.4,102.5,102,100.2,98.8,98.4,97.7,133.4,117.8,Unweighted
X,X,Bocas del Toro-AlmiranteSOUNDTRAP 2019,0.10 secs,almirante2019cal.cal,6:55,6:56,53.8,114.3,141.3,97.3,104.7,102.7,102.1,100.1,98.6,98.2,97.7,146.7,131.6,Unweighted
X,X,Bocas del Toro-AlmiranteSOUNDTRAP 2019,0.10 secs,almirante2019cal.cal,7:05,7:06,53.1,100.6,113.7,96.9,104.9,102.6,102.1,99.9,98.3,97.9,97.3,139.2,117.8,Unweighted
X,X,Bocas del Toro-AlmiranteSOUNDTRAP 2019,0.10 secs,almirante2019cal.cal,7:15,7:16,53.6,109.5,113.3,106.2,113.1,112.4,111.9,108.6,107,106.8,106.3,133.4,126.8,Unweighted
X,X,Bocas del Toro-AlmiranteSOUNDTRAP 2019,0.10 secs,almirante2019cal.cal,7:25,7:26,53.8,100.2,112.7,96.7,103.4,102.2,101.7,99.7,98.1,97.8,96.9,133.8,117.5,Unweighted
X,X,Bocas del Toro-AlmiranteSOUNDTRAP 2019,0.10 secs,almirante2019cal.cal,7:35,7:36,54.1,127.6,154.7,99.4,107.5,105.7,105,102.5,101.2,100.9,100.3,160.3,145,Unweighted
X,X,Bocas del Toro-AlmiranteSOUNDTRAP 2019,0.10 secs,almirante2019cal.cal,7:45,7:46,53.9,103.1,106.6,100.1,105.2,104.6,104.4,103,101.5,101.3,100.6,138.9,120.4,Unweighted
X,X,Bocas del Toro-AlmiranteSOUNDTRAP 2019,0.10 secs,almirante2019cal.cal,7:55,7:56,53.4,108.4,114,101.5,112.7,111.9,111.4,107.2,103.4,102.8,102.2,133.9,125.6,Unweighted
X,X,Bocas del Toro-AlmiranteSOUNDTRAP 2019,0.10 secs,almirante2019cal.cal,8:05,8:06,53.6,108.3,123.8,96.8,121.7,113.5,110.5,101.8,99.4,98.8,97.8,138.3,125.6,Unweighted
X,X,Bocas del Toro-AlmiranteSOUNDTRAP 2019,0.10 secs,almirante2019cal.cal,8:15,8:16,53.4,116.9,141.3,97.5,127,118.5,114.9,106.6,100.4,99.8,98.7,147.1,134.2,Unweighted
X,X,Bocas del Toro-AlmiranteSOUNDTRAP 2019,0.10 secs,almirante2019cal.cal,8:25,8:26,53,101.3,107.8,98.1,105.4,103.4,102.8,100.9,99.3,99,98.6,134.5,118.5,Unweighted
X,X,Bocas del Toro-AlmiranteSOUNDTRAP 2019,0.10 secs,almirante2019cal.cal,8:35,8:36,53.8,109.7,127,103.6,114.5,111.9,111.3,109.1,105.7,105.1,104,134.2,127,Unweighted
X,X,Bocas del Toro-AlmiranteSOUNDTRAP 2019,0.10 secs,almirante2019cal.cal,8:45,8:46,53.9,115.1,141.3,98.4,122.5,113.3,109.1,102.7,100.2,99.8,99.1,146.6,132.5,Unweighted
X,X,Bocas del Toro-AlmiranteSOUNDTRAP 2019,0.10 secs,almirante2019cal.cal,8:55,8:56,53,111.1,136.1,97.8,119.5,111.8,108.1,103,100.4,99.8,98.8,149.7,128.3,Unweighted
X,X,Bocas del Toro-AlmiranteSOUNDTRAP 2019,0.10 secs,almirante2019cal.cal,9:05,9:06,52.6,112.7,118.9,101.6,117.7,117,116.4,110.2,103.6,103.1,102.4,136.9,129.9,Unweighted
X,X,Bocas del Toro-AlmiranteSOUNDTRAP 2019,0.10 secs,almirante2019cal.cal,9:15,9:16,53.8,116,133.2,105.7,128.7,122.2,117.3,110.3,107.3,107,106.3,147.4,133.3,Unweighted
X,X,Bocas del Toro-AlmiranteSOUNDTRAP 2019,0.10 secs,almirante2019cal.cal,9:25,9:26,54.3,117.6,141.3,103.5,128.7,115,113,110.6,105.1,104.6,104,153.8,134.9,Unweighted
X,X,Bocas del Toro-AlmiranteSOUNDTRAP 2019,0.10 secs,almirante2019cal.cal,9:35,9:36,53.6,102.4,106.9,100.2,105.2,103.8,103.4,102.2,101.2,100.9,100.5,136.6,119.7,Unweighted
X,X,Bocas del Toro-AlmiranteSOUNDTRAP 2019,0.10 secs,almirante2019cal.cal,9:45,9:46,53.8,106.3,113.7,99,113.5,112.2,110.8,102.1,100.3,100.1,99.6,135.3,123.6,Unweighted
X,X,Bocas del Toro-AlmiranteSOUNDTRAP 2019,0.10 secs,almirante2019cal.cal,9:55,9:56,53.3,100.3,105.4,97.1,103.9,102.1,101.7,100.1,98.6,98.3,97.9,134,117.6,Unweighted
X,X,Bocas del Toro-AlmiranteSOUNDTRAP 2019,0.10 secs,almirante2019cal.cal,10:05,10:06,53.7,103.7,126.9,99,104.7,103.1,102.6,101.2,100.2,99.9,99.5,134.1,121,Unweighted
X,X,Bocas del Toro-AlmiranteSOUNDTRAP 2019,0.10 secs,almirante2019cal.cal,10:15,10:16,53.2,102.2,119.1,99.2,105.2,103.3,102.9,101.5,100.4,100.2,99.7,133.4,119.5,Unweighted
X,X,Bocas del Toro-AlmiranteSOUNDTRAP 2019,0.10 secs,almirante2019cal.cal,10:25,10:26,53.5,102,105.6,100,104.3,103.5,103,101.8,101,100.7,100.3,134,119.3,Unweighted
X,X,Bocas del Toro-AlmiranteSOUNDTRAP 2019,0.10 secs,almirante2019cal.cal,10:35,10:36,53.5,109.5,115.1,100,114.4,112.4,112.1,109.6,103.2,102.3,101.1,134,126.8,Unweighted
X,X,Bocas del Toro-AlmiranteSOUNDTRAP 2019,0.10 secs,almirante2019cal.cal,10:45,10:46,53.7,100.4,112.7,96.3,104.1,102.6,101.8,99.9,98.3,97.8,97,132.8,117.7,Unweighted
X,X,Bocas del Toro-AlmiranteSOUNDTRAP 2019,0.10 secs,almirante2019cal.cal,10:55,10:56,53.9,127.8,154.7,101.1,120.9,119,118.6,114.7,102.5,101.8,101.3,160.4,145.1,Unweighted
X,X,Bocas del Toro-AlmiranteSOUNDTRAP 2019,0.10 secs,almirante2019cal.cal,11:05,11:06,53.1,115.7,120.2,101.7,119.7,119.3,118.9,114.6,104.8,103.8,102.9,134.5,132.9,Unweighted
X,X,Bocas del Toro-AlmiranteSOUNDTRAP 2019,0.10 secs,almirante2019cal.cal,11:15,11:16,53.6,106.3,127,100.8,110.2,108.8,107.9,104.1,102.1,101.8,101.2,134.4,123.6,Unweighted
X,X,Bocas del Toro-AlmiranteSOUNDTRAP 2019,0.10 secs,almirante2019cal.cal,11:25,11:26,53,110.8,116.3,103.4,115.9,114.8,114,109.1,105.3,104.8,104.1,136.5,128.1,Unweighted
X,X,Bocas del Toro-AlmiranteSOUNDTRAP 2019,0.10 secs,almirante2019cal.cal,11:35,11:36,53.6,100.5,105.4,97,103.9,102.4,102,100.2,98.8,98.3,97.6,133.7,117.8,Unweighted
X,X,Bocas del Toro-AlmiranteSOUNDTRAP 2019,0.10 secs,almirante2019cal.cal,11:45,11:46,53.2,106.7,109.2,102.8,109.1,108.3,108,106.7,104.7,104.3,103.6,133.9,124,Unweighted
X,X,Bocas del Toro-AlmiranteSOUNDTRAP 2019,0.10 secs,almirante2019cal.cal,11:55,11:56,53.7,101.6,112.8,98.7,104.7,103.3,102.9,101.2,100,99.6,99,134.4,118.9,Unweighted
X,X,Bocas del Toro-AlmiranteSOUNDTRAP 2019,0.10 secs,almirante2019cal.cal,12:05,12:06,52.7,100.3,104.4,96.1,103.6,102.3,101.7,100,98.5,98.2,97.7,131.2,117.5,Unweighted
X,X,Bocas del Toro-AlmiranteSOUNDTRAP 2019,0.10 secs,almirante2019cal.cal,12:15,12:16,52.3,110.4,117.8,105.2,115.5,114.3,113.4,108.1,106.7,106.4,105.8,132.8,127.6,Unweighted
X,X,Bocas del Toro-AlmiranteSOUNDTRAP 2019,0.10 secs,almirante2019cal.cal,12:25,12:26,53.8,101.4,104.8,98.9,104.1,103,102.6,101.1,100,99.7,99.2,132.1,118.7,Unweighted
X,X,Bocas del Toro-AlmiranteSOUNDTRAP 2019,0.10 secs,almirante2019cal.cal,12:35,12:36,54.1,103.9,126.8,99.6,105.6,103.6,103.1,101.5,100.5,100.3,99.9,133.5,121.2,Unweighted
X,X,Bocas del Toro-AlmiranteSOUNDTRAP 2019,0.10 secs,almirante2019cal.cal,12:45,12:46,53.6,107.1,126.9,103.7,108.7,108,107.4,106,105.3,105.1,104.7,133.2,124.4,Unweighted
X,X,Bocas del Toro-AlmiranteSOUNDTRAP 2019,0.10 secs,almirante2019cal.cal,12:55,12:56,53.4,107.7,113.5,97.6,113.3,112.5,112.3,103.8,99.7,99.2,98.5,135.2,125,Unweighted
X,X,Bocas del Toro-AlmiranteSOUNDTRAP 2019,0.10 secs,almirante2019cal.cal,13:05,13:06,53,100,105.8,96.7,103.9,102.1,101.3,99.6,98.2,97.9,97.4,136.2,117.2,Unweighted
X,X,Bocas del Toro-AlmiranteSOUNDTRAP 2019,0.10 secs,almirante2019cal.cal,13:15,13:16,54.3,127.6,154.7,97.2,112.9,102.8,102.3,100.3,99,98.6,98.2,160.2,144.9,Unweighted
X,X,Bocas del Toro-AlmiranteSOUNDTRAP 2019,0.10 secs,almirante2019cal.cal,13:25,13:26,52.9,110.4,118.2,106.1,117.7,115.4,113.7,108.8,107.2,107,106.6,133,127.7,Unweighted
X,X,Bocas del Toro-AlmiranteSOUNDTRAP 2019,0.10 secs,almirante2019cal.cal,13:35,13:36,53.3,99.4,105.1,96.4,104.3,102,101.2,98.9,97.6,97.1,96.9,134.4,116.7,Unweighted
X,X,Bocas del Toro-AlmiranteSOUNDTRAP 2019,0.10 secs,almirante2019cal.cal,13:45,13:46,53.6,107.3,112.7,103.2,112.4,111.7,111.1,106,104.3,104,103.5,135.2,124.6,Unweighted
X,X,Bocas del Toro-AlmiranteSOUNDTRAP 2019,0.10 secs,almirante2019cal.cal,13:55,13:56,53.3,101.4,111.8,96.5,106.6,103.3,102.7,101,98.8,98.3,97.7,140.6,118.7,Unweighted
X,X,Bocas del Toro-AlmiranteSOUNDTRAP 2019,0.10 secs,almirante2019cal.cal,14:05,14:06,53.9,102.7,126.9,95.9,104.7,102.1,100.9,99.2,97.9,97.5,96.7,134.3,120,Unweighted
X,X,Bocas del Toro-AlmiranteSOUNDTRAP 2019,0.10 secs,almirante2019cal.cal,14:15,14:16,53.2,102.8,107.2,98.7,106.2,105.1,104.6,102.5,100.7,100.2,99.4,135.5,120.1,Unweighted
X,X,Bocas del Toro-AlmiranteSOUNDTRAP 2019,0.10 secs,almirante2019cal.cal,14:25,14:26,52.9,110.4,114.3,98.2,113.7,113.4,112.9,110.8,101.8,101.1,99.7,133.4,127.6,Unweighted
X,X,Bocas del Toro-AlmiranteSOUNDTRAP 2019,0.10 secs,almirante2019cal.cal,14:35,14:36,53.4,102.5,126.9,94.9,104.7,101,100.1,97.7,96.1,95.9,95.4,132.7,119.8,Unweighted
X,X,Bocas del Toro-AlmiranteSOUNDTRAP 2019,0.10 secs,almirante2019cal.cal,14:45,14:46,53.5,98.3,104.4,94.4,103.1,100.9,100.2,97.8,96.2,95.8,95.1,133.6,115.6,Unweighted
X,X,Bocas del Toro-AlmiranteSOUNDTRAP 2019,0.10 secs,almirante2019cal.cal,14:55,14:56,53.9,115.9,141.3,102.8,116.3,115.3,114.8,107.8,104.4,103.9,103.3,146.7,133.2,Unweighted
X,X,Bocas del Toro-AlmiranteSOUNDTRAP 2019,0.10 secs,almirante2019cal.cal,15:05,15:06,52.3,108.2,114.4,100.4,114.1,113.2,112.7,105.7,101.7,101.3,100.7,134.1,125.4,Unweighted
X,X,Bocas del Toro-AlmiranteSOUNDTRAP 2019,0.10 secs,almirante2019cal.cal,15:15,15:16,53.2,99.3,111.8,95.5,103.3,101.5,100.7,98.6,97.1,96.8,96,131.2,116.5,Unweighted
X,X,Bocas del Toro-AlmiranteSOUNDTRAP 2019,0.10 secs,almirante2019cal.cal,15:25,15:26,52.4,114.3,120.7,100.5,120,119.2,118.7,109,101.1,100.8,100.6,139.9,131.5,Unweighted
X,X,Bocas del Toro-AlmiranteSOUNDTRAP 2019,0.10 secs,almirante2019cal.cal,15:35,15:36,52.3,101,118.1,97.4,104.4,102.3,101.8,100.1,98.9,98.5,97.8,133.8,118.2,Unweighted
X,X,Bocas del Toro-AlmiranteSOUNDTRAP 2019,0.10 secs,almirante2019cal.cal,15:45,15:46,54,118.7,141.3,107.8,121,120.3,120.1,116,109.8,108.8,108.1,146.8,136,Unweighted
X,X,Bocas del Toro-AlmiranteSOUNDTRAP 2019,0.10 secs,almirante2019cal.cal,15:55,15:56,53.4,99.6,104.5,95.9,103,101.5,101,99.3,97.8,97.4,96.5,132.4,116.8,Unweighted
X,X,Bocas del Toro-AlmiranteSOUNDTRAP 2019,0.10 secs,almirante2019cal.cal,16:05,16:06,52.6,106.6,109.9,100.3,109.3,108.5,108.1,106.7,104.3,103.6,102.5,133.2,123.8,Unweighted
X,X,Bocas del Toro-AlmiranteSOUNDTRAP 2019,0.10 secs,almirante2019cal.cal,16:15,16:16,53.7,111,117.3,101.5,116.6,114.6,113.6,110,104.5,103.5,102,133.2,128.3,Unweighted
X,X,Bocas del Toro-AlmiranteSOUNDTRAP 2019,0.10 secs,almirante2019cal.cal,16:25,16:26,52.9,100.5,118.8,94.4,104.7,102.1,101.4,99.4,97.7,97.2,95.3,134,117.7,Unweighted
X,X,Bocas del Toro-AlmiranteSOUNDTRAP 2019,0.10 secs,almirante2019cal.cal,16:35,16:36,51.4,99.2,107.3,95.3,103.3,101.5,100.8,98.7,97.3,96.9,96.1,139.2,116.3,Unweighted
X,X,Bocas del Toro-AlmiranteSOUNDTRAP 2019,0.10 secs,almirante2019cal.cal,16:45,16:46,52.8,100.4,106.4,96.4,104.4,103.1,102.1,100.1,98.3,97.8,97.1,132.5,117.7,Unweighted
X,X,Bocas del Toro-AlmiranteSOUNDTRAP 2019,0.10 secs,almirante2019cal.cal,16:55,16:56,53.9,102.8,126.9,95.8,105.4,102.2,101.3,99.5,97.9,97.5,96.7,135.4,120.1,Unweighted
X,X,Bocas del Toro-AlmiranteSOUNDTRAP 2019,0.10 secs,almirante2019cal.cal,17:05,17:06,53.3,101.2,109,97.7,104.3,103,102.5,101,99.7,99.3,98.6,132.9,118.5,Unweighted
X,X,Bocas del Toro-AlmiranteSOUNDTRAP 2019,0.10 secs,almirante2019cal.cal,17:15,17:16,53.7,103.5,112.2,96.2,111.9,110,107,99.9,97.9,97.5,96.6,132.3,120.8,Unweighted
X,X,Bocas del Toro-AlmiranteSOUNDTRAP 2019,0.10 secs,almirante2019cal.cal,17:25,17:26,53.5,99.8,108.4,96.3,103.4,102,101.3,99.4,98,97.6,97,131.7,117.1,Unweighted
X,X,Bocas del Toro-AlmiranteSOUNDTRAP 2019,0.10 secs,almirante2019cal.cal,17:35,17:36,53.6,108.5,116.8,95.8,116.6,115.2,114.6,100.4,97.8,97.3,96.5,134.9,125.8,Unweighted
X,X,Bocas del Toro-AlmiranteSOUNDTRAP 2019,0.10 secs,almirante2019cal.cal,17:45,17:46,52.1,103,109.1,100.2,106.3,105.2,104.6,102.6,101.4,101.1,100.5,137.7,120.2,Unweighted
X,X,Bocas del Toro-AlmiranteSOUNDTRAP 2019,0.10 secs,almirante2019cal.cal,17:55,17:56,51.7,112.6,116.9,106.1,116.7,115.4,114.8,112.3,108.8,108,106.6,132.3,129.7,Unweighted
X,X,Bocas del Toro-AlmiranteSOUNDTRAP 2019,0.10 secs,almirante2019cal.cal,18:05,18:06,53.2,108,113.7,105.5,110.3,109.4,109.2,107.7,106.7,106.6,106.1,143.3,125.2,Unweighted
X,X,Bocas del Toro-AlmiranteSOUNDTRAP 2019,0.10 secs,almirante2019cal.cal,18:15,18:16,53.1,101.6,106.5,99.2,104.6,103.3,102.8,101.4,100.3,100,99.7,131.7,118.8,Unweighted
X,X,Bocas del Toro-AlmiranteSOUNDTRAP 2019,0.10 secs,almirante2019cal.cal,18:25,18:26,53.4,114.7,119.3,97.5,118.8,118.3,117.8,114.9,100,99.3,98.4,138.6,131.9,Unweighted
X,X,Bocas del Toro-AlmiranteSOUNDTRAP 2019,0.10 secs,almirante2019cal.cal,18:35,18:36,52.8,101.3,105.6,98,104.1,103.2,102.6,101.1,99.7,99.4,98.6,131.7,118.5,Unweighted
X,X,Bocas del Toro-AlmiranteSOUNDTRAP 2019,0.10 secs,almirante2019cal.cal,18:45,18:46,52.9,101.8,111.6,98.9,105.8,103.6,103,101.4,100,99.7,99.1,139.4,119,Unweighted
X,X,Bocas del Toro-AlmiranteSOUNDTRAP 2019,0.10 secs,almirante2019cal.cal,18:55,18:56,52.9,102.2,111.2,99.4,105.9,104.1,103.4,101.9,100.7,100.4,100,137.8,119.5,Unweighted
X,X,Bocas del Toro-AlmiranteSOUNDTRAP 2019,0.10 secs,almirante2019cal.cal,19:05,19:06,53.7,102.4,112.7,99.3,108,104.2,103.5,101.9,100.6,100.2,99.5,134.5,119.7,Unweighted
X,X,Bocas del Toro-AlmiranteSOUNDTRAP 2019,0.10 secs,almirante2019cal.cal,19:15,19:16,53.3,101.8,107.8,98,104.4,103.6,103.2,101.6,100.1,99.8,99,131.4,119.1,Unweighted
X,X,Bocas del Toro-AlmiranteSOUNDTRAP 2019,0.10 secs,almirante2019cal.cal,19:25,19:26,52.4,102.8,117.7,100,105.9,104.6,103.7,102.1,100.9,100.7,100.2,132.8,120,Unweighted
X,X,Bocas del Toro-AlmiranteSOUNDTRAP 2019,0.10 secs,almirante2019cal.cal,19:35,19:36,53.6,105,112,97.9,109.9,109,108.6,102.9,100,99.3,98.4,137.1,122.3,Unweighted
X,X,Bocas del Toro-AlmiranteSOUNDTRAP 2019,0.10 secs,almirante2019cal.cal,19:45,19:46,53.2,101.4,106.3,98.6,104.7,103.2,102.7,101.1,99.8,99.5,98.9,134.4,118.6,Unweighted
X,X,Bocas del Toro-AlmiranteSOUNDTRAP 2019,0.10 secs,almirante2019cal.cal,19:55,19:56,53.6,101,109.6,97.8,104.5,103.2,102.4,100.7,99.2,98.8,98.3,134,118.3,Unweighted
X,X,Bocas del Toro-AlmiranteSOUNDTRAP 2019,0.10 secs,almirante2019cal.cal,20:05,20:06,53.4,101.2,113.4,97.7,106.9,103.5,102.4,100.5,99,98.7,98.2,136.6,118.5,Unweighted
X,X,Bocas del Toro-AlmiranteSOUNDTRAP 2019,0.10 secs,almirante2019cal.cal,20:15,20:16,53.8,109.4,126.9,102.5,112.8,112,111.4,108.4,104.5,103.8,103.1,135,126.7,Unweighted
X,X,Bocas del Toro-AlmiranteSOUNDTRAP 2019,0.10 secs,almirante2019cal.cal,20:25,20:26,53.5,101.6,116.7,97.9,109.5,103.4,102.6,100.8,99.4,99,98.5,134.9,118.9,Unweighted
X,X,Bocas del Toro-AlmiranteSOUNDTRAP 2019,0.10 secs,almirante2019cal.cal,20:35,20:36,53.9,103.3,113,98.5,106.5,105.4,105.1,102.9,100.7,100.3,99.5,130.9,120.7,Unweighted
X,X,Bocas del Toro-AlmiranteSOUNDTRAP 2019,0.10 secs,almirante2019cal.cal,20:45,20:46,52.9,101.2,105.9,98.3,104.2,103.2,102.6,101,99.7,99.3,98.7,134.4,118.5,Unweighted
X,X,Bocas del Toro-AlmiranteSOUNDTRAP 2019,0.10 secs,almirante2019cal.cal,20:55,20:56,53.3,104.3,109.1,99.8,108.6,107.7,107.1,103.1,101.3,101,100.3,133.7,121.6,Unweighted
X,X,Bocas del Toro-AlmiranteSOUNDTRAP 2019,0.10 secs,almirante2019cal.cal,21:05,21:06,53.6,101.5,107.2,98.6,104.7,103.6,103.1,101.2,100,99.7,99.2,136.6,118.8,Unweighted
X,X,Bocas del Toro-AlmiranteSOUNDTRAP 2019,0.10 secs,almirante2019cal.cal,21:15,21:16,53.2,101.5,105,97.8,104.4,103.4,102.8,101.3,99.7,99.3,98.6,133.8,118.7,Unweighted
X,X,Bocas del Toro-AlmiranteSOUNDTRAP 2019,0.10 secs,almirante2019cal.cal,21:25,21:26,53.4,101.8,112.9,98.2,105,103.6,103.2,101.6,100,99.6,98.9,132.3,119.1,Unweighted
X,X,Bocas del Toro-AlmiranteSOUNDTRAP 2019,0.10 secs,almirante2019cal.cal,21:35,21:36,53.4,101.3,106.7,97.9,105.2,103.6,102.7,101,99.3,99,98.4,135.3,118.6,Unweighted
X,X,Bocas del Toro-AlmiranteSOUNDTRAP 2019,0.10 secs,almirante2019cal.cal,21:45,21:46,53.4,103.2,107,99.9,106,105.1,104.6,103.1,101.5,101,100.3,133.2,120.5,Unweighted
X,X,Bocas del Toro-AlmiranteSOUNDTRAP 2019,0.10 secs,almirante2019cal.cal,21:55,21:56,53.6,103.9,113.2,100.5,106.2,105.3,105,103.8,102.4,102.1,101.4,136.1,121.2,Unweighted
X,X,Bocas del Toro-AlmiranteSOUNDTRAP 2019,0.10 secs,almirante2019cal.cal,22:05,22:06,53.4,107.5,112.8,104,111.1,109.7,109,107.1,105.9,105.6,105,131,124.8,Unweighted
X,X,Bocas del Toro-AlmiranteSOUNDTRAP 2019,0.10 secs,almirante2019cal.cal,22:15,22:16,53.5,106.1,113.3,104,108,107.1,106.9,106,105.2,105,104.4,137.4,123.4,Unweighted
X,X,Bocas del Toro-AlmiranteSOUNDTRAP 2019,0.10 secs,almirante2019cal.cal,22:25,22:26,53.7,106.7,114.3,105,108.6,107.7,107.4,106.6,105.9,105.6,105.3,136.9,124,Unweighted
X,X,Bocas del Toro-AlmiranteSOUNDTRAP 2019,0.10 secs,almirante2019cal.cal,22:35,22:36,53.9,107.1,109,105.4,108.5,107.9,107.7,107,106.3,106.1,105.9,132.4,124.4,Unweighted
X,X,Bocas del Toro-AlmiranteSOUNDTRAP 2019,0.10 secs,almirante2019cal.cal,22:45,22:46,53.9,107.9,126.9,105.8,108.9,108,107.7,107.2,106.5,106.4,106,133.9,125.2,Unweighted
X,X,Bocas del Toro-AlmiranteSOUNDTRAP 2019,0.10 secs,almirante2019cal.cal,22:55,22:56,54.3,115,141.3,105.5,117.2,108.2,107.8,107.1,106.4,106.3,105.9,146.6,132.3,Unweighted
X,X,Bocas del Toro-AlmiranteSOUNDTRAP 2019,0.10 secs,almirante2019cal.cal,23:05,23:06,53.7,107.9,126.9,105.4,108.4,107.9,107.8,107.1,106.5,106.3,106,133.2,125.1,Unweighted
X,X,Bocas del Toro-AlmiranteSOUNDTRAP 2019,0.10 secs,almirante2019cal.cal,23:15,23:16,53.1,106.8,109.4,105,108.5,107.6,107.4,106.8,106.1,105.9,105.4,135.3,124.1,Unweighted
X,X,Bocas del Toro-AlmiranteSOUNDTRAP 2019,0.10 secs,almirante2019cal.cal,23:25,23:26,54,114.9,141.3,105.2,109.1,107.8,107.5,106.8,106.1,105.9,105.6,146.7,132.2,Unweighted
X,X,Bocas del Toro-AlmiranteSOUNDTRAP 2019,0.10 secs,almirante2019cal.cal,23:35,23:36,54.5,107,126.9,104.4,107.6,107.1,106.9,106.1,105.4,105.2,104.7,133.4,124.4,Unweighted
X,X,Bocas del Toro-AlmiranteSOUNDTRAP 2019,0.10 secs,almirante2019cal.cal,23:45,23:46,53.8,105.8,108.4,103.9,107.3,106.7,106.5,105.7,105,104.7,104.2,132.6,123.1,Unweighted
X,X,Bocas del Toro-AlmiranteSOUNDTRAP 2019,0.10 secs,almirante2019cal.cal,23:55,23:56,53.9,105.3,107.7,102.8,107.3,106.4,106.2,105.3,104.4,104.1,103.6,133.5,122.6,Unweighted
